更新日,施設名,都道府県,住所,種別,詳細内容,充電タイプ,出力,充電器数,メーカー,詳細URL
2026年1月11日（日）   13時,ウオロク 岡山店 / (株)ウオロク,新潟県,ショッピングモール・小売店,故障,NACSで充電出来なかったため問い合わせたところ、充電器側のピン破損が明らかになっており修理完了まで当面NACSは使えませんとのことでした。CHAdeMOでは問題なく充電出来ました。,CHAdeMO（急速）,240kW,1,FLASH,https://ev.gogo.gs/detail/28too8uj
2026年1月11日（日）   2時,ポルシェセンター京都 / (株)セフティ,京都,ポルシェディーラー,故障,令和8年1月現在､充電器の故障情報を確認しています。ご注意下さい。,CHAdeMO（急速）,150kW,1,ABB,https://ev.gogo.gs/detail/23nhfz8g
2026年1月10日（土）   19時,ラーメンショップ 坂東店,茨城県,茨城県坂東市中里1045-7,故障,2026.1.10現在、２台とも使用不可のまま。電源は入っており、操作パネルには１台は通常表示、もう１台はAndroid OSの時計（？）が表示されている。故障等の張り紙の表示もなく１台は使用可のように見えるが、接続しても充電開始しない。flashに問い合わせたところ、オフラインになってしまっていて、リモートでメンテナンス（リブートも）できない状況らしい。と言っても、OSがある程度操作できる状態のままの放置は、セキュリティ的にどうかと思う。,CHAdeMO（急速）,240kW,2,FLASH,https://ev.gogo.gs/detail/27ut1pow
2026年1月10日（土）   13時,イオンモール津山 (平面P C区画 スロープ下) / イオンリテール(株),岡山県,ショッピングモール・小売店,故障,200V充電設備は撤去されています。急速充電設備は更新されていました。現在、200Vの充電できません。今後の予定等の案内は現地表示されていません。津山ICの直ぐ近くで利用出来なくて残念でした。,CHAdeMO（急速）,50kW,1,HASETEC,https://ev.gogo.gs/detail/1sx9n7pf
2026年1月10日（土）   13時,東九州自動車道 上毛PA (下り) / 西日本高速道路(株) NEXCO西日本,福岡県,サービスエリア,故障,令和8年1月現在､充電器の休止情報を確認しています。ご注意下さい。,CHAdeMO（急速）,50kW,1,東光高岳,https://ev.gogo.gs/detail/1w45shbx
2026年1月10日（土）   13時,タイムズ門司港町第3 / パーク24(株),福岡県,コインパーキング,故障,令和8年1月現在､充電器の不具合情報を確認しています。ご注意下さい。,200V（普通）,3kW,1,内外電機,https://ev.gogo.gs/detail/13794
2026年1月10日（土）   13時,セブンイレブン宗像王丸店 / (株)セブン-イレブン・ジャパン,福岡県,福岡県宗像市王丸字徳丸766-8,故障,令和8年1月現在､充電器の故障情報を確認しています。ご注意下さい。,CHAdeMO（急速）,90kW,2,ABB,https://ev.gogo.gs/detail/27mte5fc
2026年1月10日（土）   13時,橋本大波止EVスタンド / (株)橋本商会,長崎県,コインパーキング,故障,令和8年1月現在､充電器の故障情報を確認しています。ご注意下さい。,CHAdeMO（急速）現在、こちらの充電器は利用できない可能性があります,44kW,1,日産自動車,https://ev.gogo.gs/detail/1rb84du2
2026年1月10日（土）   13時,道の駅 泗水 / 菊池市,熊本県,熊本県菊池市泗水町豊水3393,故障,令和8年1月現在､充電器の不具合情報を確認しています。ご注意下さい。,CHAdeMO（急速）,50kW,1,九電テクノシステムズ,https://ev.gogo.gs/detail/1uxgfqed
2026年1月10日（土）   13時,人吉店 / 熊本三菱自動車販売(株),熊本県,三菱ディーラー,故障,令和8年1月現在､充電器の故障情報を確認しています。ご注意下さい。,CHAdeMO（急速）,30kW,1,東光高岳,https://ev.gogo.gs/detail/11221
2026年1月10日（土）   13時,延岡店 / 宮崎三菱自動車販売(株),宮崎県,三菱ディーラー,故障,令和8年1月現在､充電器の故障情報を確認しています。ご注意下さい。,CHAdeMO（急速）,35kW,1,ニチコン,https://ev.gogo.gs/detail/14020
2026年1月10日（土）   13時,ファミリーマート小禄田原店 / (株)ファミリーマート,沖縄県,沖縄県那覇市田原2-1-1,故障,令和8年1月現在､充電器1口の休止情報を確認しています。ご注意下さい。,CHAdeMO（急速）,90kW,2,東光高岳,https://ev.gogo.gs/detail/1t7tv1eb
2026年1月10日（土）   12時,鳥取市役所 / 鳥取市,鳥取県,鳥取県鳥取市幸町71,故障,令和8年1月現在､充電器の故障情報を確認しています。ご注意下さい。,CHAdeMO（急速）,35kW,1,ニチコン,https://ev.gogo.gs/detail/22382ket
2026年1月10日（土）   12時,呉中通り店 / 日産プリンス広島販売(株),広島県,日産ディーラー,故障,令和8年1月現在､充電器の故障情報を確認しています。ご注意下さい。,CHAdeMO（急速）,50kW,1,東光高岳,https://ev.gogo.gs/detail/12518
2026年1月10日（土）   12時,本社 お客様駐車場 / マツダ(株),広島県,広島県安芸郡府中町新地3-1,故障,令和8年1月現在､充電器の故障情報を確認しています。ご注意下さい。,CHAdeMO（急速）,30kW,1,ニチコン,https://ev.gogo.gs/detail/1q139bpg
2026年1月10日（土）   12時,柳井店 / 山口三菱自動車販売(株),山口県,三菱ディーラー,故障,令和8年1月現在､充電器の故障情報を確認しています。ご注意下さい。,CHAdeMO（急速）,30kW,1,新電元,https://ev.gogo.gs/detail/10714
2026年1月10日（土）   12時,道の駅 蛍街道西ノ市 / 下関市,山口県,山口県下関市豊田町大字中村876-4,故障,令和8年1月現在､充電器の故障情報を確認しています。ご注意下さい。,CHAdeMO（急速）,30kW,1,ニチコン,https://ev.gogo.gs/detail/1qelfv81
2026年1月10日（土）   12時,道の駅 長門峡 / 山口市,山口県,山口県山口市阿東生雲東分47-1,故障,※設備不良で充電器がご利用頂けない可能性がございます。ご注意下さい。,CHAdeMO（急速）,50kW,1,ニチコン,https://ev.gogo.gs/detail/1q2db4j2
2026年1月10日（土）   11時,UCAR中津川 / 土岐三菱自動車販売(株),岐阜県,三菱ディーラー,故障,令和8年1月現在､充電器の故障情報を確認しています。ご注意下さい。,CHAdeMO（急速）,30kW,1,ニチコン,https://ev.gogo.gs/detail/10445
2026年1月10日（土）   11時,静岡県熱海総合庁舎 / 静岡県,静岡県,静岡県熱海市水口町13-15,故障,令和8年1月現在､充電器の故障情報を確認しています。ご注意下さい。,CHAdeMO（急速）,25kW,1,ニチコン,https://ev.gogo.gs/detail/26vjnrd1
2026年1月10日（土）   11時,中川昭和橋店 / 日産プリンス名古屋販売(株),愛知県,日産ディーラー,故障,令和8年1月現在､CHAdeMO充電器1口の不具合情報を確認しています。ご注意下さい。,CHAdeMO（急速）,90kW,2,SIGNET,https://ev.gogo.gs/detail/1q3yympc
2026年1月10日（土）   11時,蟹江店 / 日産プリンス名古屋販売(株),愛知県,日産ディーラー,故障,令和8年1月現在､CHAdeMO充電器の故障情報を確認しています。ご注意下さい。,CHAdeMO（急速）,50kW,1,東光高岳,https://ev.gogo.gs/detail/12442
2026年1月10日（土）   11時,向日市役所 来庁者用駐車場 / 京都府,京都,京都府向日市寺戸町中野20,故障,令和8年1月現在､充電器の故障情報を確認しています。ご注意下さい。,CHAdeMO（急速）,30kW,1,GSユアサ,https://ev.gogo.gs/detail/1vaheq6m
2026年1月10日（土）   11時,城東店 / 日産大阪販売(株),大阪府,日産ディーラー,故障,令和8年1月現在､CHAdeMO充電器の故障情報を確認しています。ご注意下さい。,CHAdeMO（急速）,50kW,1,東光高岳,https://ev.gogo.gs/detail/12627
2026年1月10日（土）   11時,ジョーシン富田林店 / 上新電機(株),大阪府,ショッピングモール・小売店,故障,令和8年1月現在､充電器1基の故障情報を確認しています。ご注意下さい。,200V（普通）,6kW,2,九電テクノシステムズ,https://ev.gogo.gs/detail/24z40nea
2026年1月10日（土）   11時,ジョーシン美原店 / 上新電機(株),大阪府,ショッピングモール・小売店,故障,令和8年1月現在､充電器1基の故障情報を確認しています。ご注意下さい。,200V（普通）,6kW,2,九電テクノシステムズ,https://ev.gogo.gs/detail/24z43x4c
2026年1月10日（土）   11時,道の駅 かつらぎ / 葛城市,奈良県,奈良県葛城市太田1257,故障,令和8年1月現在､充電器1基の故障情報を確認しています。ご注意下さい。,CHAdeMO（急速）,25kW,2,JFEテクノス,https://ev.gogo.gs/detail/1vwr2gad
2026年1月10日（土）   11時,2000年会館 (上牧町保健福祉センター) / 上牧町,奈良県,奈良県北葛城郡上牧町上牧3245-1,故障,令和8年1月現在､充電器の故障情報を確認しています。ご注意下さい。,CHAdeMO（急速）,35kW,1,ニチコン,https://ev.gogo.gs/detail/26gpjgsd
2026年1月10日（土）   10時,プラスパークス調布深大寺町アパート,東京都,コインパーキング,故障,令和8年1月現在､充電器の休止情報を確認しています。ご注意下さい。,200V（普通）現在、こちらの充電器は利用できない可能性があります,3kW,1,日東工業,https://ev.gogo.gs/detail/289132mz
2026年1月10日（土）   10時,カーオアシス上水本町五丁目アパート,東京都,コインパーキング,故障,令和8年1月現在､充電器の休止情報を確認しています。ご注意下さい。,200V（普通）,6kW,1,日東工業,https://ev.gogo.gs/detail/288zxr0n
2026年1月10日（土）   10時,東京都宝町駐車場 / (公財)東京都道路整備保全公社,東京都,コインパーキング,故障,"令和8年1月現在､CHAdeMO,普通充電器1基の休止情報を確認しています。ご注意下さい。",CHAdeMO（急速）現在、こちらの充電器は利用できない可能性があります,20kW,1,東光高岳,https://ev.gogo.gs/detail/10165
2026年1月10日（土）   10時,横浜市 緑区役所 (屋上P) / 横浜市,神奈川県,神奈川県横浜市緑区寺山町118,故障,令和8年1月現在､充電器の休止情報を確認しています。ご注意下さい。,200V（普通）,3.2kW,1,豊田自動織機,https://ev.gogo.gs/detail/21qgmrz4
2026年1月10日（土）   10時,海老名店 / 東日本三菱自動車販売(株),神奈川県,三菱ディーラー,故障,令和8年1月現在､充電器の休止情報を確認しています。ご注意下さい。,CHAdeMO（急速）,50kW,1,東光高岳,https://ev.gogo.gs/detail/10380
2026年1月10日（土）   10時,ちがさきパーキング (立体P 4階) / (株)カギサン,神奈川県,コインパーキング,故障,令和8年1月現在､充電器の休止情報を確認しています。ご注意下さい。,200V（普通）,3.2kW,1,豊田自動織機,https://ev.gogo.gs/detail/1sx0ytiq
2026年1月10日（土）   10時,食の駅 所沢店 / ファームドゥ(株),埼玉県,埼玉県所沢市下富駿河台583-1,故障,2カ所とも故障中です。,CHAdeMO（急速）,30kW,2,ニチコン,https://ev.gogo.gs/detail/1udjyeg5
2026年1月10日（土）   10時,JA 金井セルフSS / 佐渡農業協同組合 (JA佐渡),新潟県,ガソリンスタンド,故障,令和8年1月現在､充電器の故障情報を確認しています。ご注意下さい。,CHAdeMO（急速）,25kW,1,富士電機,https://ev.gogo.gs/detail/1r1oar7z
2026年1月10日（土）   10時,五泉市役所 / 五泉市,新潟県,新潟県五泉市太田1094-1,故障,令和8年1月現在､充電器の休止情報を確認しています。ご注意下さい。,CHAdeMO（急速）,30kW,1,東光高岳,https://ev.gogo.gs/detail/1srbfudf
2026年1月10日（土）   10時,道の駅 うみてらす名立 / 日本充電インフラ(株),新潟県,新潟県上越市名立区名立大町4280-1,故障,令和8年1月現在､充電器の不具合情報を確認しています。ご注意下さい。,CHAdeMO（急速）現在、こちらの充電器は利用できない可能性があります,50kW,1,JFEテクノス,https://ev.gogo.gs/detail/28tejglj
2026年1月10日（土）   10時,NPC24H富山駅前スクエアパーキング (2階) / 日本パーキング(株),富山県,コインパーキング,故障,令和8年1月現在､充電器1基の故障情報を確認しています。ご注意下さい。,200V（普通）,3.2kW,2,豊田自動織機,https://ev.gogo.gs/detail/20v1fhi9
2026年1月10日（土）   10時,そよら福井開発 / イオンリテール(株),福井県,ショッピングモール・小売店,故障,令和8年1月現在､CHAdeMO充電器の休止情報を確認しています。ご注意下さい。,CHAdeMO（急速）現在、こちらの充電器は利用できない可能性があります,50kW,1,ニチコン,https://ev.gogo.gs/detail/26ynf36l
2026年1月10日（土）   9時,道の駅 サーモンパーク千歳 / 千歳市,北海道,北海道千歳市花園2-4-2,故障,令和8年1月現在､充電器の不具合情報を確認しています。ご注意下さい。,CHAdeMO（急速）,50kW,1,東光高岳,https://ev.gogo.gs/detail/1v5h6hex
2026年1月10日（土）   2時,大牟田店 / 九州三菱自動車販売(株),福岡県,三菱ディーラー,故障,令和8年1月現在､充電器の故障情報を確認しています。ご注意下さい。,CHAdeMO（急速）,30kW,1,ニチコン,https://ev.gogo.gs/detail/10748
2026年1月9日（金）   17時,R1東戸塚店 / 日産神奈川販売(株),神奈川県,日産ディーラー,故障,令和8年1月現在､ABB製充電器の休止情報を確認しています。ご注意下さい。,CHAdeMO（急速）,150kW,2,ABB,https://ev.gogo.gs/detail/12062
2026年1月9日（金）   16時,伊達ビジネスホテルキャッスル,北海道,宿泊施設・温浴施設,故障,※設備不良で充電器1基がご利用頂けない情報がございます。ご注意下さい。,200V（普通）,6kW,2,ENECHANGE,https://ev.gogo.gs/detail/27gqpc7h
2026年1月9日（金）   16時,本店 / (株)リブエス,秋田県,秋田県大館市中道1-4-18,故障,※設備不良で充電器2基がご利用頂けない情報がございます。ご注意下さい。,200V（普通）,6kW,4,ENECHANGE,https://ev.gogo.gs/detail/27jvjwoa
2026年1月9日（金）   16時,イオンモール秋田 (南側立体P 1階) / イオンモール(株),秋田県,ショッピングモール・小売店,故障,※設備不良でCHAdeMO充電器1基がご利用頂けない情報がございます。ご注意下さい。,CHAdeMO（急速）,50kW,2,ニチコン,https://ev.gogo.gs/detail/1up5lwz7
2026年1月9日（金）   16時,茨城県教化部 / (宗)生長の家,茨城県,茨城県笠間市泉887,故障,※設備不良で充電器がご利用頂けない可能性がございます。ご注意下さい。,CHAdeMO（急速）,44kW,1,HASETEC,https://ev.gogo.gs/detail/1x81crkj
2026年1月9日（金）   16時,イオンモールつくば (平面P C区画) / イオンモール(株),茨城県,ショッピングモール・小売店,故障,※設備不良で一部のCHAdeMO充電器がご利用頂けない情報がございます。ご注意下さい。,CHAdeMO（急速）,50kW,1,日本電気,https://ev.gogo.gs/detail/1qnb3d30
2026年1月9日（金）   16時,やまぶきエネルギーパーク / さいたま市･東和 八洲特定共同企業体,埼玉県,埼玉県さいたま市岩槻区大字長宮786-7,故障,※設備不良で普通充電器2基がご利用頂けない情報がございます。ご注意下さい。,CHAdeMO（急速）,50kW,1,NTTファシリティーズ,https://ev.gogo.gs/detail/1s6kt6gg
2026年1月9日（金）   16時,イオンレイクタウンmori (入口G2前駐車場) / イオンリテール(株),埼玉県,ショッピングモール・小売店,故障,※設備不良でCHAdeMO充電器1基がご利用頂けない情報がございます。ご注意下さい。,CHAdeMO（急速）,50kW,2,日本電気,https://ev.gogo.gs/detail/10117
2026年1月9日（金）   16時,イオンモール春日部 (屋上P H区画) / イオンモール(株),埼玉県,ショッピングモール・小売店,故障,※設備不良でCHAdeMO充電器1基がご利用頂けない可能性がございます。ご注意下さい。,CHAdeMO（急速）,50kW,2,ニチコン,https://ev.gogo.gs/detail/1w9f88mw
2026年1月9日（金）   16時,駐車場 / 竹並建設(株),埼玉県,埼玉県本庄市西富田字弥藤治301-2,故障,※設備不良で充電器1基がご利用頂けない可能性がございます。ご注意下さい。,CHAdeMO（急速）,180kW,3,FLASH,https://ev.gogo.gs/detail/273ppoz3
2026年1月9日（金）   16時,イオンモール柏 (平面P) / イオンリテール(株),千葉県,ショッピングモール・小売店,故障,※設備不良で充電器がご利用頂けない可能性がございます。ご注意下さい。,CHAdeMO（急速）,50kW,1,富士電機,https://ev.gogo.gs/detail/1t7oc3eu
2026年1月9日（金）   16時,道の駅 季楽里あさひ / 旭市,千葉県,千葉県旭市イの5238,故障,※設備不良でCHAdeMO.普通充電器1口がご利用頂けない情報がございます。ご注意下さい。,CHAdeMO（急速）現在、こちらの充電器は利用できない可能性があります,44kW,1,日産自動車,https://ev.gogo.gs/detail/1ug9g7ju
2026年1月9日（金）   16時,ENEOS Dr.Drive セルフ新習志野店 / (株)ENEOSモビリニア南千葉支店,千葉県,ガソリンスタンド,故障,※設備メンテナンス中です。ご迷惑をおかけし申し訳ございません。,CHAdeMO（急速）,50kW,1,ニチコン,https://ev.gogo.gs/detail/24qp0rat
2026年1月9日（金）   16時,羽田空港 第3ターミナル P5駐車場 (平面) / 東京国際空港ターミナル(株),東京都,東京都大田区羽田空港2-6-5,故障,※設備不良で充電器3基中1基がご利用頂けない情報がございます。ご注意下さい。,CHAdeMO（急速）,50kW,3,東光高岳,https://ev.gogo.gs/detail/20fw630r
2026年1月9日（金）   16時,ENEOS セルフEneJet 134久里浜SS / 湘南菱油(株),神奈川県,ガソリンスタンド,故障,※設備不良のためサービス休止中です。ご不便をおかけし申し訳ございません。,CHAdeMO（急速）,50kW,1,ニチコン,https://ev.gogo.gs/detail/24pkb82d
2026年1月9日（金）   16時,イオン新百合ヶ丘店 (立体P 3A) / イオンリテール(株),神奈川県,ショッピングモール・小売店,故障,※設備不良でCHAdeMO充電器がご利用頂けない情報がございます。ご注意下さい。,CHAdeMO（急速）現在、こちらの充電器は利用できない可能性があります,50kW,1,日本電気,https://ev.gogo.gs/detail/1unwctyq
2026年1月9日（金）   16時,ジャパン･フラワー･コーポレーション,富山県,富山県射水市流通センター水戸田2-3-1,故障,※施設の都合で充電器3基中1基がご利用頂けない情報がございます。ご注意下さい。,CHAdeMO（急速）,240kW,3,FLASH,https://ev.gogo.gs/detail/27ut1mct
2026年1月9日（金）   16時,石川県教化部 / (宗)生長の家,石川県,石川県金沢市北安江1-5-12,故障,※設備不良で充電器がご利用頂けない情報がございます。ご注意下さい。,CHAdeMO（急速）,44kW,1,HASETEC,https://ev.gogo.gs/detail/1svazykf
2026年1月9日（金）   16時,みやびの宿 加賀百万石 / (株)みやびの宿加賀百万石,石川県,宿泊施設・温浴施設,故障,※設備不良で充電器2基がご利用頂けない情報がございます。ご注意下さい。,200V（普通）,6kW,6,ENECHANGE,https://ev.gogo.gs/detail/25ut564r
2026年1月9日（金）   16時,福井県教化部 / (宗)生長の家,福井県,福井県福井市加茂河原1-5-10,故障,※設備不良で充電器がご利用頂けない情報がございます。ご注意下さい。,CHAdeMO（急速）,44kW,1,HASETEC,https://ev.gogo.gs/detail/1ta997th
2026年1月9日（金）   16時,松本市役所 東庁舎北側駐車場 / 松本市,長野県,長野県松本市丸の内3-7,故障,※設備不良で充電器がご利用頂けない情報がございます。ご注意下さい。,CHAdeMO（急速）,20kW,1,高砂製作所,https://ev.gogo.gs/detail/14759
2026年1月9日（金）   16時,イオン飯田アップルロード店 (飯田SC) / テスラモーターズジャパン,長野県,ショッピングモール・小売店,故障,※設備不良で充電器1基がご利用頂けない情報がございます。ご注意下さい。,NACS（テスラ）,250kW,4,テスラモーターズ,https://ev.gogo.gs/detail/25homdig
2026年1月9日（金）   16時,飯田切石店 / 南信三菱自動車販売(株),長野県,三菱ディーラー,故障,※設備不良で充電器がご利用頂けない情報がございます。ご注意下さい。,CHAdeMO（急速）,30kW,1,ニチコン,https://ev.gogo.gs/detail/10427
2026年1月9日（金）   16時,白馬樅の木ホテル / (株)白馬樅の木ホテル,長野県,宿泊施設・温浴施設,故障,※設備不良でCHAdeMO充電器がご利用頂けない情報がございます。ご注意下さい。,CHAdeMO（急速）,44kW,1,日産自動車,https://ev.gogo.gs/detail/15091
2026年1月9日（金）   16時,イオンモール土岐 (平面P E区画) / イオンモール(株),岐阜県,ショッピングモール・小売店,故障,※設備不良でCHAdeMO充電器1基がご利用頂けない情報がございます。ご注意下さい。,CHAdeMO（急速）,50kW,4,ニチコン,https://ev.gogo.gs/detail/24gs224k
2026年1月9日（金）   16時,修善寺時之栖 百笑の湯,静岡県,宿泊施設・温浴施設,故障,※設備不良で充電器1基がご利用頂けない情報がございます。ご注意下さい。,200V（普通）,6kW,4,ENECHANGE,https://ev.gogo.gs/detail/27jqdj8q
2026年1月9日（金）   16時,市営愛野駅前北駐車場 / 袋井市,静岡県,コインパーキング,故障,※設備不良で充電器がご利用頂けない情報がございます。ご注意下さい。,200V（普通）,4kW,2,Panasonic,https://ev.gogo.gs/detail/1y4h77l2
2026年1月9日（金）   16時,イオンモール名古屋 Noritake Garden (立体P 南側1階) / イオンモール(株),愛知県,ショッピングモール・小売店,故障,※設備不良でCHAdeMO充電器1基がご利用頂けない情報がございます。ご注意下さい。,CHAdeMO（急速）,50kW,2,ニチコン,https://ev.gogo.gs/detail/232snfur
2026年1月9日（金）   16時,豊田美里店 / トヨタモビリティ東名古屋(株),愛知県,トヨタディーラー,故障,※設備不良で充電器がご利用頂けない情報がございます。ご注意下さい。,200V（普通）,3kW,1,トヨタコネクティッド,https://ev.gogo.gs/detail/f93z
2026年1月9日（金）   16時,滋賀県教化部 / (宗)生長の家,滋賀県,滋賀県東近江市沖野1-4-28,故障,※設備不良で充電器がご利用頂けない可能性がございます。ご注意下さい。(尚、ご利用頂けたとしても出力制限での運用となります),CHAdeMO（急速）,44kW,1,HASETEC,https://ev.gogo.gs/detail/1tafuiu3
2026年1月9日（金）   16時,フレンドマート長浜平方店 / (株)平和堂,滋賀県,ショッピングモール・小売店,故障,※設備不良で充電器1基がご利用頂けない情報がございます。ご注意下さい。,200V（普通）,6kW,4,ENECHANGE,https://ev.gogo.gs/detail/27fpbalm
2026年1月9日（金）   16時,浜の路 臨江庵,京都,宿泊施設・温浴施設,故障,※設備不良で充電器1基がご利用頂けない情報がございます。ご注意下さい。,200V（普通）,6kW,4,ENECHANGE,https://ev.gogo.gs/detail/27lp37db
2026年1月9日（金）   16時,タイムズ四条烏丸 / パーク24(株),京都,コインパーキング,故障,※設備不良で充電器1基がご利用頂けない情報がございます。ご注意下さい。,200V（普通）,6kW,2,日東工業,https://ev.gogo.gs/detail/283j07ap
2026年1月9日（金）   16時,舞鶴店 / (株)大嶋カーサービス,京都,自動車販売店・工場,故障,※設備不良で充電器がご利用頂けない情報がございます。ご注意下さい。,CHAdeMO（急速）,30kW,1,ニチコン,https://ev.gogo.gs/detail/bwge
2026年1月9日（金）   16時,京阪パーキングOMM第2駐車場 / 京阪建物(株),大阪府,コインパーキング,故障,※設備不良で充電器1基がご利用頂けない情報がございます。ご注意下さい。,200V（普通）,6kW,4,ENECHANGE,https://ev.gogo.gs/detail/27gpe41l
2026年1月9日（金）   16時,高槻カントリー倶楽部 (立体P),大阪府,レジャー・スポーツ施設,故障,※設備不良で充電器1基がご利用頂けない情報がございます。ご注意下さい。,200V（普通）,6kW,5,ENECHANGE,https://ev.gogo.gs/detail/28tov8ov
2026年1月9日（金）   16時,泉ヶ丘カントリークラブ / 泉ヶ丘観光開発(株),大阪府,レジャー・スポーツ施設,故障,※設備不良で充電器1基がご利用頂けない情報がございます。ご注意下さい。,200V（普通）,6kW,5,ENECHANGE,https://ev.gogo.gs/detail/28oodosu
2026年1月9日（金）   16時,ジョーシン茨木店 / 上新電機(株),大阪府,ショッピングモール・小売店,故障,※設備不良で充電器がご利用頂けない可能性がございます。ご注意下さい。,200V（普通）,4kW,1,Panasonic,https://ev.gogo.gs/detail/209r9eot
2026年1月9日（金）   16時,白洗舎 広瀬店,島根県,島根県安来市広瀬町石原110-1,故障,※現在点検中のためCHAdeMO設備のみご利用いただけます。ご注意下さい。,CHAdeMO（急速）,240kW,1,FLASH,https://ev.gogo.gs/detail/27ut1g5p
2026年1月9日（金）   16時,阿波森林公園 / 津山市,岡山県,レジャー・スポーツ施設,故障,※設備不良で充電器1基がご利用頂けない情報がございます。ご注意下さい。,200V（普通）,6kW,4,ENECHANGE,https://ev.gogo.gs/detail/27jpoxqn
2026年1月9日（金）   16時,スーパーオートバックス広島観音新町 / (株)パワーエックス,広島県,ショッピングモール・小売店,故障,令和8年1月現在､充電器1基 (店舗側) の休止情報を確認しています。ご注意下さい。,CHAdeMO（急速）,150kW,2,PowerX,https://ev.gogo.gs/detail/26ej65zl
2026年1月9日（金）   16時,SLOTテキサス萩店,山口県,レジャー・スポーツ施設,故障,※設備不良で充電器1基がご利用頂けない情報がございます。ご注意下さい。,200V（普通）,6kW,3,ENECHANGE,https://ev.gogo.gs/detail/27jpowr8
2026年1月9日（金）   16時,香川県教化部 / (宗)生長の家,香川県,香川県高松市高松町1557-34,故障,※設備不良で充電器がご利用頂けない可能性がございます。ご注意下さい。,CHAdeMO（急速）現在、こちらの充電器は利用できない可能性があります,44kW,1,HASETEC,https://ev.gogo.gs/detail/1tb5d1is
2026年1月9日（金）   16時,旅館田の浦温泉,長崎県,宿泊施設・温浴施設,故障,※設備不良で充電器1基がご利用頂けない情報がございます。ご注意下さい。,200V（普通）,6kW,4,ENECHANGE,https://ev.gogo.gs/detail/28rokud6
2026年1月9日（金）   16時,萌の里 / (株)俵山交流館,熊本県,熊本県阿蘇郡西原村小森2115-3,故障,※設備不良でCHAdeMO充電器がご利用頂けない情報がございます。ご注意下さい。,CHAdeMO（急速）現在、こちらの充電器は利用できない可能性があります,25kW,1,HASETEC,https://ev.gogo.gs/detail/1t9w2d5d
2026年1月9日（金）   16時,イオンモール沖縄ライカム (北側P 1階) / イオンモール(株),沖縄県,ショッピングモール・小売店,故障,※設備不良で一部の充電器がご利用頂けない情報がございます。ご注意下さい。,CHAdeMO（急速）,50kW,2,日本電気,https://ev.gogo.gs/detail/1tp5z631
2026年1月9日（金）   16時,道の駅 豊根グリーンポート宮嶋 / 豊根村,愛知県,愛知県北設楽郡豊根村坂宇場宮ノ嶋29-3,故障,※施設の都合で充電器がご利用頂けない可能性がございます。ご注意下さい。,CHAdeMO（急速）,50kW,1,ニチコン,https://ev.gogo.gs/detail/28yedxot
2026年1月9日（金）   16時,イオンモール鈴鹿 (平面第2P) / イオンモール(株),三重県,ショッピングモール・小売店,故障,令和8年1月現在､CHAdeMO充電器の不具合情報を確認しています。ご注意下さい。,CHAdeMO（急速）,50kW,1,ニチコン,https://ev.gogo.gs/detail/1u7owfgs
2026年1月6日（火）   22時,深谷市役所 (庁舎北側) / 深谷市,埼玉県,埼玉県深谷市仲町11-1,故障,令和8年1月現在､充電器の故障情報を確認しています。ご注意下さい。,CHAdeMO（急速）,50kW,1,ニチコン,https://ev.gogo.gs/detail/22nbvu9b
2026年1月6日（火）   19時,MEGAドン･キホーテ 福知山店 (第2P) / UDリテール(株),京都,ショッピングモール・小売店,故障,向かって左側、No.1の充電器に故障中の表示があります。電源は入っており一見使用可能に見えますが、コネクタ部に浸水したようで腐食の痕跡があります。2ヶ月前に発見しメーカーへ直接連絡しましたが、充電器の販売会社の対応が遅れているようです。,200V（普通）,6kW,2,九電テクノシステムズ,https://ev.gogo.gs/detail/24ztzd64
2026年1月6日（火）   15時,山陽自動車道 道口PA (下り) / 西日本高速道路(株) NEXCO西日本,岡山県,サービスエリア,故障,令和8年1月現在､充電器の故障情報を確認しています。ご注意下さい。,CHAdeMO（急速）,90kW,2,ABB,https://ev.gogo.gs/detail/1tb6eow0
2026年1月5日（月）   15時,東名高速道路 鮎沢PA (上り) / 中日本高速道路(株) NEXCO中日本,神奈川県,サービスエリア,故障,令和8年1月現在､充電器の故障情報を確認しています。ご注意下さい。,CHAdeMO（急速）,50kW,1,東光高岳,https://ev.gogo.gs/detail/1w3g4y16
2026年1月5日（月）   15時,中国自動車道 吉和SA (下り) / 西日本高速道路(株) NEXCO西日本,広島県,サービスエリア,故障,令和8年1月現在､充電器の故障情報を確認しています。ご注意下さい。,CHAdeMO（急速）,50kW,1,東光高岳,https://ev.gogo.gs/detail/1unrl3ba
2026年1月5日（月）   12時,高千穂がまだせ市場 直売所 鬼八の蔵 / 高千穂町,宮崎県,ショッピングモール・小売店,故障,令和8年1月現在､CHAdeMO充電器の故障情報を確認しています。ご注意下さい。,CHAdeMO（急速）現在、こちらの充電器は利用できない可能性があります,30kW,1,東光高岳,https://ev.gogo.gs/detail/1rbvbtms
2026年1月4日（日）   19時,イオンモール鈴鹿 (平面第2P) / イオンモール(株),三重県,ショッピングモール・小売店,故障,令和8年1月現在､CHAdeMO充電器の不具合情報を確認しています。ご注意下さい。,CHAdeMO（急速）,50kW,1,ニチコン,https://ev.gogo.gs/detail/1u7owfgs
2026年1月4日（日）   16時,蟹江店 / 日産プリンス名古屋販売(株),愛知県,日産ディーラー,故障,令和8年1月現在､CHAdeMO充電器の故障情報を確認しています。ご注意下さい。,CHAdeMO（急速）,50kW,1,東光高岳,https://ev.gogo.gs/detail/12442
2026年1月4日（日）   6時,道の駅 若狭美浜はまびより / 美浜町,福井県,福井県三方郡美浜町松原35-15-1,故障,A(左側)使えません　Bは使えました,CHAdeMO（急速）,50kW,2,デルタ電子,https://ev.gogo.gs/detail/268f6fmk
2026年1月3日（土）   16時,道の駅 うみてらす名立 / 日本充電インフラ(株),新潟県,新潟県上越市名立区名立大町4280-1,故障,画面がフリーズしてしまった。使えませんでした。,CHAdeMO（急速）現在、こちらの充電器は利用できない可能性があります,50kW,1,JFEテクノス,https://ev.gogo.gs/detail/28tejglj
2026年1月3日（土）   15時,セブンイレブン宗像王丸店 / (株)セブン-イレブン・ジャパン,福岡県,福岡県宗像市王丸字徳丸766-8,故障,令和8年1月現在､充電器の故障情報を確認しています。ご注意下さい。,CHAdeMO（急速）,90kW,2,ABB,https://ev.gogo.gs/detail/27mte5fc
2026年1月3日（土）   15時,ENEOS チャレンジ南郷16丁目SS / 北海道エネルギー(株),北海道,ガソリンスタンド,故障,調整中の張り紙で使用不可,CHAdeMO（急速）,50kW,1,ニチコン,https://ev.gogo.gs/detail/25vv64dn
2026年1月3日（土）   9時,道の駅 長門峡 / 山口市,山口県,山口県山口市阿東生雲東分47-1,故障,まだダメですね。機会も古いし更新待ちでしょうか。。。,CHAdeMO（急速）,50kW,1,ニチコン,https://ev.gogo.gs/detail/1q2db4j2
2026年1月2日（金）   17時,道の駅 太良 / 太良町,佐賀県,佐賀県藤津郡太良町大字伊福甲3488-2,故障,休止中の張り紙がしてあり、画面はAndroid と表示されたまま、操作できない感じです。,CHAdeMO（急速）,240kW,1,FLASH,https://ev.gogo.gs/detail/27idga40
2026年1月2日（金）   12時,九州自動車道 古賀SA (上り) / 西日本高速道路(株) NEXCO西日本,福岡県,サービスエリア,故障,令和8年1月現在､充電器1基(150kW機)の休止情報を確認しています。ご注意下さい。,CHAdeMO（急速）,150kW,2,ABB,https://ev.gogo.gs/detail/1t7ui3pz
2026年1月1日（木）   16時,道の駅 みはら神明の里 / 三原市,広島県,広島県三原市糸崎4-21-1,故障,短絡中で使えなかった,CHAdeMO（急速）,50kW,1,新電元,https://ev.gogo.gs/detail/27t107mf
2026年1月1日（木）   13時,石川県教化部 / (宗)生長の家,石川県,石川県金沢市北安江1-5-12,故障,現時点故障中と書いている,CHAdeMO（急速）,44kW,1,HASETEC,https://ev.gogo.gs/detail/1svazykf
2025年12月29日（月）   21時,プラスパークス調布深大寺町アパート,東京都,コインパーキング,故障,前回（12月初旬）も同様だったが、充電器のメインスイッチを入り切りを行っても一切反応せず、充電出来なかったため、現地からコールセンターに架電し、対応を依頼していたが、本日もまだ使用不可の状態のままであった。再度、コールセンターに連絡したものの管理会社（アークリンク社）から前回の件についても、何ら連絡が来ていないとのこと。駐車場利用そのものに支障がないとはいえ、１カ月近くも経過しているのに、この対応はいかがなものかと…。,200V（普通）現在、こちらの充電器は利用できない可能性があります,3kW,1,日東工業,https://ev.gogo.gs/detail/289132mz
2025年12月29日（月）   15時,北陸自動車道 賤ヶ岳SA (下り) / 中日本高速道路(株) NEXCO中日本,滋賀県,サービスエリア,故障,令和7年12月現在､充電器の故障情報を確認しています。ご注意下さい。,CHAdeMO（急速）,40kW,1,東光高岳,https://ev.gogo.gs/detail/1tn49zv7
2025年12月29日（月）   9時,道の駅 サーモンパーク千歳 / 千歳市,北海道,北海道千歳市花園2-4-2,故障,令和7年12月現在､充電器の不具合情報を確認しています。ご注意下さい。,CHAdeMO（急速）,50kW,1,東光高岳,https://ev.gogo.gs/detail/1v5h6hex
2025年12月28日（日）   19時,NPC24H富山駅前スクエアパーキング (2階) / 日本パーキング(株),富山県,コインパーキング,故障,令和7年12月現在､充電器1基の故障情報を確認しています。ご注意下さい。,200V（普通）,3.2kW,2,豊田自動織機,https://ev.gogo.gs/detail/20v1fhi9
2025年12月27日（土）   19時,そよら福井開発 / イオンリテール(株),福井県,ショッピングモール・小売店,故障,メンテナンス中です。,CHAdeMO（急速）現在、こちらの充電器は利用できない可能性があります,50kW,1,ニチコン,https://ev.gogo.gs/detail/26ynf36l
2025年12月27日（土）   17時,ライフポートとよはし / 豊橋市,愛知県,レジャー・スポーツ施設,故障,,CHAdeMO（急速）現在、こちらの充電器は利用できない可能性があります,30kW,1,NTTファシリティーズ,https://ev.gogo.gs/detail/1ro10tfp
2025年12月27日（土）   12時,道の駅 豊根グリーンポート宮嶋 / 豊根村,愛知県,愛知県北設楽郡豊根村坂宇場宮ノ嶋29-3,故障,※施設の都合で充電器がご利用頂けない可能性がございます。ご注意下さい。,CHAdeMO（急速）,50kW,1,ニチコン,https://ev.gogo.gs/detail/28yedxot
2025年12月27日（土）   11時,道の駅 大和そよかぜ館 / 佐賀市,佐賀県,佐賀県佐賀市大和町大字梅野805,故障,１２月２７日時点で使えませんでした。,CHAdeMO（急速）,90kW,2,東光高岳,https://ev.gogo.gs/detail/1tmfvin0
2025年12月27日（土）   10時,2000年会館 (上牧町保健福祉センター) / 上牧町,奈良県,奈良県北葛城郡上牧町上牧3245-1,故障,パスワードの入力画面ではフリーズして使えない状態でした。電話しても「施設に聞いて」とのこと。土曜のため施設にも連絡できませんでした,CHAdeMO（急速）,35kW,1,ニチコン,https://ev.gogo.gs/detail/26gpjgsd
2025年12月26日（金）   16時,静岡県熱海総合庁舎 / 静岡県,静岡県,静岡県熱海市水口町13-15,故障,令和7年12月現在､充電器の故障情報を確認しています。ご注意下さい。,CHAdeMO（急速）,25kW,1,ニチコン,https://ev.gogo.gs/detail/26vjnrd1
2025年12月25日（木）   9時,Honda Cars泉州 泉佐野南店 / (株)ホンダ泉州販売,大阪府,HONDAディーラー,故障,1か月以上ずっと赤いランプのままです。,CHAdeMO（急速）,240kW,1,FLASH,https://ev.gogo.gs/detail/27ut1hjt
2025年12月24日（水）   19時,アピタ阿久比店 / ユニー(株),愛知県,ショッピングモール・小売店,故障,復旧日程記載なし,200V（普通）,3.2kW,1,豊田自動織機,https://ev.gogo.gs/detail/1t647jb6
2025年12月24日（水）   15時,道の駅 蛍街道西ノ市 / 下関市,山口県,山口県下関市豊田町大字中村876-4,故障,令和7年12月現在､充電器の故障情報を確認しています。ご注意下さい。,CHAdeMO（急速）,30kW,1,ニチコン,https://ev.gogo.gs/detail/1qelfv81
2025年12月24日（水）   13時,タイムズ南区役所 / パーク24(株),福岡県,福岡県福岡市南区塩原3-25,故障,令和7年12月現在､充電器の故障情報を確認しています。ご注意下さい。,200V（普通）,3.6kW,1,新電元,https://ev.gogo.gs/detail/1sd8y8qf
2025年12月24日（水）   12時,本社 お客様駐車場 / マツダ(株),広島県,広島県安芸郡府中町新地3-1,故障,令和7年12月現在､充電器の故障情報を確認しています。ご注意下さい。,CHAdeMO（急速）,30kW,1,ニチコン,https://ev.gogo.gs/detail/1q139bpg
2025年12月24日（水）   12時,道の駅 いたの / 板野町,徳島県,徳島県板野郡板野町川端中手崎39-5,故障,令和7年12月現在､充電器1基の休止情報を確認しています。ご注意下さい。,CHAdeMO（急速）,50kW,1,東光高岳,https://ev.gogo.gs/detail/22b7vn3z
2025年12月24日（水）   10時,海老名店 / 東日本三菱自動車販売(株),神奈川県,三菱ディーラー,故障,令和7年12月現在､充電器の休止情報を確認しています。ご注意下さい。,CHAdeMO（急速）,50kW,1,東光高岳,https://ev.gogo.gs/detail/10380
2025年12月24日（水）   10時,ちがさきパーキング (立体P 4階) / (株)カギサン,神奈川県,コインパーキング,故障,令和7年12月現在､充電器の休止情報を確認しています。ご注意下さい。,200V（普通）,3.2kW,1,豊田自動織機,https://ev.gogo.gs/detail/1sx0ytiq
2025年12月24日（水）   10時,鳥羽駅前店 / (株)トヨタレンタリース三重,三重県,三重県鳥羽市鳥羽1-2380-29,故障,スタッフに声掛けし、確認故障しているとのこと復旧目処なし,200V（普通）,3kW,1,トヨタコネクティッド,https://ev.gogo.gs/detail/1v2agwa9
2025年12月24日（水）   10時,五泉市役所 / 五泉市,新潟県,新潟県五泉市太田1094-1,故障,令和7年12月現在､充電器の休止情報を確認しています。ご注意下さい。,CHAdeMO（急速）,30kW,1,東光高岳,https://ev.gogo.gs/detail/1srbfudf
2025年12月24日（水）   2時,イオン伊勢店 (北側平面P) / イオンリテール(株),三重県,ショッピングモール・小売店,故障,故障中の張り紙あり,CHAdeMO（急速）現在、こちらの充電器は利用できない可能性があります,50kW,1,富士電機,https://ev.gogo.gs/detail/1u40l6cy
2025年12月23日（火）   16時,ライジング観光通り店 (立体P 1階),青森県,レジャー・スポーツ施設,故障,※設備不良で充電器1基がご利用頂けない情報がございます。ご注意下さい。,200V（普通）,6kW,2,ENECHANGE,https://ev.gogo.gs/detail/268v9x3t
2025年12月23日（火）   16時,イオンモール春日部 (屋上P H区画) / イオンモール(株),埼玉県,ショッピングモール・小売店,故障,※設備不良でCHAdeMO充電器1基がご利用頂けない可能性がございます。ご注意下さい。,CHAdeMO（急速）,50kW,2,ニチコン,https://ev.gogo.gs/detail/1w9f88mw
2025年12月23日（火）   16時,みやびの宿 加賀百万石 / (株)みやびの宿加賀百万石,石川県,宿泊施設・温浴施設,故障,※設備不良で充電器2基がご利用頂けない情報がございます。ご注意下さい。,200V（普通）,6kW,6,ENECHANGE,https://ev.gogo.gs/detail/25ut564r
2025年12月23日（火）   16時,平和堂 豊成店 (北側入口) / (株)平和堂,愛知県,ショッピングモール・小売店,故障,※設備不良で充電器1基がご利用頂けない情報がございます。ご注意下さい。,200V（普通）,6kW,3,ENECHANGE,https://ev.gogo.gs/detail/25osnsp9
2025年12月23日（火）   16時,ファミリーマート小禄田原店 / (株)ファミリーマート,沖縄県,沖縄県那覇市田原2-1-1,故障,令和7年12月現在､充電器1口の休止情報を確認しています。ご注意下さい。,CHAdeMO（急速）,90kW,2,東光高岳,https://ev.gogo.gs/detail/1t7tv1eb
2025年12月23日（火）   10時,道の駅 若狭美浜はまびより / 美浜町,福井県,福井県三方郡美浜町松原35-15-1,故障,Aが使えなかったBに差し替えたら使えた充電出来て良かった,CHAdeMO（急速）,50kW,2,デルタ電子,https://ev.gogo.gs/detail/268f6fmk
2025年12月23日（火）   9時,(株)イートラスト埼玉 (旧小沢電気工事),埼玉県,電気工事業者,故障,故障の貼り紙あり,CHAdeMO（急速）,44kW,1,HASETEC,https://ev.gogo.gs/detail/1x5qxus7
2025年12月22日（月）   22時,鳥取市役所 / 鳥取市,鳥取県,鳥取県鳥取市幸町71,故障,令和7年12月現在､充電器の故障情報を確認しています。ご注意下さい。,CHAdeMO（急速）,35kW,1,ニチコン,https://ev.gogo.gs/detail/22382ket
2025年12月22日（月）   20時,フレスポ阿波座 (屋上P) / 大和リース(株),大阪府,ショッピングモール・小売店,故障,充電エラー表示あり,CHAdeMO（急速）,50kW,1,ニチコン,https://ev.gogo.gs/detail/26gusjl2
2026年1月12日（月）   0時,丸亀田村店 (トヨペット) / 香川トヨタ(株),香川県,トヨタディーラー,メンテナンス,令和8年1月12日(月)~翌1月13日(火)まで間、施設の都合で充電器がご利用頂けません。ご注意ください。,200V（普通）,3kW,1,トヨタコネクティッド,https://ev.gogo.gs/detail/cxfz
2026年1月12日（月）   0時,香西店 (トヨペット) / 香川トヨタ(株),香川県,トヨタディーラー,メンテナンス,令和8年1月12日(月)~翌13日(火)まで間、施設の都合で充電器がご利用頂けません。ご注意ください。,200V（普通）,3.2kW,1,トヨタコネクティッド,https://ev.gogo.gs/detail/cx66
2026年1月12日（月）   0時,坂出店 (トヨペット) / 香川トヨタ(株),香川県,トヨタディーラー,メンテナンス,令和8年1月12日(月)~翌13日(火)まで間、施設の都合で充電器がご利用頂けません。ご注意ください。,200V（普通）,3.2kW,1,トヨタコネクティッド,https://ev.gogo.gs/detail/1uwmm9en
2026年1月12日（月）   0時,高松春日店 (トヨペット) / 香川トヨタ(株),香川県,トヨタディーラー,メンテナンス,令和8年1月12日(月)~翌13日(火)までの間、施設の都合で充電器がご利用頂けません。ご注意ください。,200V（普通）,3.2kW,1,トヨタコネクティッド,https://ev.gogo.gs/detail/cx7n
2026年1月12日（月）   0時,レインボーロード店 (トヨペット) / 香川トヨタ(株),香川県,トヨタディーラー,メンテナンス,令和8年1月12日(月)~翌13日(火)までの間、施設の都合で充電器がご利用頂けません。ご注意ください。,200V（普通）,3.2kW,1,トヨタコネクティッド,https://ev.gogo.gs/detail/1uu0w8rp
2026年1月12日（月）   0時,高松花園店 (トヨペット) / 香川トヨタ(株),香川県,トヨタディーラー,メンテナンス,令和8年1月12日(月)~翌13日(火)までの間、施設の都合で充電器がご利用頂けません。ご注意ください。,200V（普通）,3.2kW,1,トヨタコネクティッド,https://ev.gogo.gs/detail/1uu0vnm0
2026年1月12日（月）   0時,ときめっく丸亀店 / 香川トヨタ自動車(株),香川県,トヨタディーラー,メンテナンス,令和8年1月12日(月)~翌13日(火)までの間、施設の都合で充電器がご利用頂けません。ご注意ください。,200V（普通）,3kW,1,トヨタコネクティッド,https://ev.gogo.gs/detail/ai4i
2026年1月12日（月）   0時,観音寺店 / 香川トヨタ自動車(株),香川県,トヨタディーラー,メンテナンス,令和8年1月12日(月)~翌13日(火)までの間、施設の都合で充電器がご利用頂けません。ご注意ください。,200V（普通）,3.2kW,1,トヨタコネクティッド,https://ev.gogo.gs/detail/1uuh8g3f
2026年1月12日（月）   0時,高松南店 / 香川トヨタ自動車(株),香川県,トヨタディーラー,メンテナンス,令和8年1月12日(月)~翌13日(火)までの間、施設の都合で充電器がご利用頂けません。ご注意ください。,200V（普通）,3.2kW,1,トヨタコネクティッド,https://ev.gogo.gs/detail/1v1zonz4
2026年1月12日（月）   0時,屋島店 / 香川トヨタ自動車(株),香川県,トヨタディーラー,メンテナンス,令和8年1月12日(月)~翌13日(火)までの間、施設の都合で充電器がご利用頂けません。ご注意ください。,200V（普通）,3.2kW,2,トヨタコネクティッド,https://ev.gogo.gs/detail/1uu0qjw5
2026年1月12日（月）   17時,鈴鹿サーキット (P6),三重県,レジャー・スポーツ施設,メンテナンス,令和8年1月12日(月)17時~23日(金)9時、1月26日(月)~31日(土)の間、休業日のため充電器がご利用頂けません。ご注意ください。,200V（普通）,6kW,24,ENECHANGE,https://ev.gogo.gs/detail/28pogrxe
2026年1月13日（火）   0時,道の駅 すくも (すくもサニーサイドパーク) / 宿毛市,高知県,高知県宿毛市坂ノ下1023-44,メンテナンス,令和8年1月13日(火)から当面の間、施設の都合で充電器がご利用頂けません。ご注意ください。,CHAdeMO（急速）,30kW,1,新電元,https://ev.gogo.gs/detail/1xkprdeu
2026年1月13日（火）   0時,道の駅 たちばな / 八女市,福岡県,福岡県八女市立花町下辺春315-1,メンテナンス,令和8年1月13日(火)から当面の間、施設の都合で充電器がご利用頂けません。ご注意ください。,CHAdeMO（急速）,30kW,1,新電元,https://ev.gogo.gs/detail/1xph8fh8
2026年1月13日（火）   0時,お宿 海の居住者 SEA-DWELLER,宮崎県,宿泊施設・温浴施設,メンテナンス,令和8年1月13日(火)は終日、工事のため充電器がご利用頂けません。ご注意ください。,200V（普通）,6kW,2,ENECHANGE,https://ev.gogo.gs/detail/28zpapsj
2026年1月13日（火）   8時,セブンイレブン美濃インター店 / (株)セブン-イレブン・ジャパン,岐阜県,岐阜県美濃市大字松森字古屋敷271-7,メンテナンス,令和8年1月13日(火)8~11時の間、充電器が点検のためご利用頂けません。ご注意ください。,CHAdeMO（急速）,150kW,2,ABB,https://ev.gogo.gs/detail/27t8ma3l
2026年1月13日（火）   8時,中央自動車道 八ヶ岳PA (上り) / 中日本高速道路(株) NEXCO中日本,山梨県,サービスエリア,メンテナンス,令和8年1月13日(火)8時半~17時の間、施設の都合で充電器3口がご利用頂けません。また、1月13日(火)8時半~1月31日(土)17時の間、充電器1口がご利用頂けません。ご注意ください。,CHAdeMO（急速）,150kW,2,ABB,https://ev.gogo.gs/detail/1upr7oz3
2026年1月13日（火）   8時,中央自動車道 八ヶ岳PA (下り) / 中日本高速道路(株) NEXCO中日本,山梨県,サービスエリア,メンテナンス,令和8年1月13日(火)8時半~17時の間、施設の都合で充電器がご利用頂けません。また、以降1月31日(土)17時までの間、充電器1口がご利用頂けません。ご注意下さい。,CHAdeMO（急速）,150kW,4,ニチコン,https://ev.gogo.gs/detail/1upr8bse
2026年1月13日（火）   9時,関門橋 壇之浦PA (下り) / 西日本高速道路(株) NEXCO西日本,山口県,サービスエリア,メンテナンス,令和8年1月13日(火)9時~3月24日(火)9時までの間、施設の都合で充電器がご利用頂けません。ご注意下さい。,CHAdeMO（急速）,150kW,2,ABB,https://ev.gogo.gs/detail/1t7uh1tk
2026年1月13日（火）   9時,東海北陸自動車道 長良川SA (下り) / 中日本高速道路(株) NEXCO中日本,岐阜県,サービスエリア,メンテナンス,令和8年1月13日(火)9時半~13時半の間、充電器が点検のためご利用頂けません。ご注意ください。,CHAdeMO（急速）,150kW,4,ニチコン,https://ev.gogo.gs/detail/1tpl2vdo
2026年1月13日（火）   9時,ミニストップ津島昭和町店 / ミニストップ(株),愛知県,愛知県津島市昭和町1-30,メンテナンス,令和8年1月13日(火)9時~11時半の間、充電器が点検のためご利用頂けません。ご注意ください。,CHAdeMO（急速）,90kW,2,東光高岳,https://ev.gogo.gs/detail/1te67eks
2026年1月13日（火）   9時,セブンイレブン白山八ツ矢町店 / (株)セブン-イレブン・ジャパン,石川県,石川県白山市八ツ矢町617-1,メンテナンス,令和8年1月13日(火)9~12時の間、充電器が点検のためご利用頂けません。ご注意ください。,CHAdeMO（急速）,90kW,2,東光高岳,https://ev.gogo.gs/detail/27tu81hu
2026年1月13日（火）   10時,ヨークベニマル 湯本南店 / (株)ヨークベニマル,福島県,ショッピングモール・小売店,メンテナンス,令和8年1月13日(火)10~13時の間、充電器が点検のためご利用頂けません。ご注意ください。,CHAdeMO（急速）,90kW,2,ABB,https://ev.gogo.gs/detail/27u8syld
2026年1月13日（火）   12時,ローソン岐阜今川神明店 / (株)ローソン,岐阜県,岐阜県岐阜市今川82-1,メンテナンス,令和8年1月13日(火)12~15時の間、充電器が点検のためご利用頂けません。ご注意ください。,CHAdeMO（急速）,90kW,2,ABB,https://ev.gogo.gs/detail/1tgen1p9
2026年1月13日（火）   13時,セブンイレブン伊達インター店 / (株)セブン-イレブン・ジャパン,北海道,北海道伊達市松ヶ枝町61-14,メンテナンス,令和8年1月13日(火)13~16時の間、充電器が点検のためご利用頂けません。ご注意ください。,CHAdeMO（急速）,90kW,2,東光高岳,https://ev.gogo.gs/detail/27u8mcao
2026年1月13日（火）   13時,北陸自動車道 南条SA (上り) / 中日本高速道路(株) NEXCO中日本,福井県,サービスエリア,メンテナンス,令和8年1月13日(火)13~16時の間、充電器1基(2口)が点検のためご利用頂けません。ご注意ください。,CHAdeMO（急速）,150kW,2,ABB,https://ev.gogo.gs/detail/1tkr1pdk
2026年1月13日（火）   13時,ローソン肝付内之浦店 / (株)ローソン,鹿児島県,鹿児島県肝属郡肝付町北方字新道1904-1,メンテナンス,令和8年1月13日(火)13~16時の間、充電器が点検のためご利用頂けません。ご注意ください。,CHAdeMO（急速）,50kW,1,東光高岳,https://ev.gogo.gs/detail/216rekmx
2026年1月14日（水）   8時,弘前店 / (株)日産サティオ弘前,青森県,日産ディーラー,メンテナンス,令和8年1月14日(水)8~17時の間、施設の都合で充電器がご利用頂けません。ご注意ください。,CHAdeMO（急速）,50kW,1,東光高岳,https://ev.gogo.gs/detail/13685
2026年1月14日（水）   9時,カインズスーパーセンター八日市場店 / (株)カインズ,千葉県,ショッピングモール・小売店,メンテナンス,令和8年1月14日(水)9~16時の間、充電器が点検のためご利用頂けません。ご注意下さい。,CHAdeMO（急速）,50kW,1,東光高岳,https://ev.gogo.gs/detail/1tpembho
2026年1月14日（水）   9時,第二神明道路 明石SA (下り) / 西日本高速道路(株) NEXCO西日本,兵庫県,サービスエリア,メンテナンス,令和8年1月14日(水)9~12時の間、充電器が点検のためご利用頂けません。ご注意ください。,CHAdeMO（急速）,40kW,1,東光高岳,https://ev.gogo.gs/detail/1ti6jaz9
2026年1月14日（水）   10時,関越自動車道 三芳PA (上り) / 東日本高速道路(株) NEXCO東日本,埼玉県,サービスエリア,メンテナンス,令和8年1月14日(水)10~11時の間、充電器が点検のためご利用頂けません。ご注意下さい。,CHAdeMO（急速）,90kW,4,ニチコン,https://ev.gogo.gs/detail/1qxnoha9
2026年1月14日（水）   10時,セブンイレブン成田飯田町西店 / (株)セブン-イレブン・ジャパン,千葉県,千葉県成田市飯田町字西向野143-67,メンテナンス,令和8年1月14日(水)10~11時の間、充電器が点検のためご利用頂けません。ご注意ください。,CHAdeMO（急速）,90kW,2,ABB,https://ev.gogo.gs/detail/24wszsv3
2026年1月14日（水）   10時,センター南駅ロータリー / (株)e-Mobility Power,神奈川県,神奈川県横浜市都筑区茅ケ崎中央52-1,メンテナンス,令和8年1月14日(水)10~11時の間、充電器が点検のためご利用頂けません。ご注意ください。,CHAdeMO（急速）,50kW,2,東光高岳,https://ev.gogo.gs/detail/24zi44c8
2026年1月14日（水）   10時,コスモ石油 セルフピュア新宿中央SS / コスモ石油販売(株),東京都,ガソリンスタンド,メンテナンス,令和8年1月14日(水)10~13時の間、充電器が点検のためご利用頂けません。ご注意ください。,CHAdeMO（急速）,50kW,1,東光高岳,https://ev.gogo.gs/detail/21pldl8x
2026年1月14日（水）   10時,ファミリーマート成田久住駅前店 / (株)ファミリーマート,千葉県,千葉県成田市久住中央1-11-123,メンテナンス,令和8年1月14日(水)10~13時の間、充電器が点検のためご利用頂けません。ご注意ください。,CHAdeMO（急速）,50kW,1,ニチコン,https://ev.gogo.gs/detail/1t5rkfc0
2026年1月14日（水）   10時,横浜横須賀道路 横須賀PA (下り) / 東日本高速道路(株) NEXCO東日本,神奈川県,サービスエリア,メンテナンス,令和8年1月14日(水)10~13時の間、充電器が点検のためご利用頂けません。ご注意ください。,CHAdeMO（急速）,90kW,2,東光高岳,https://ev.gogo.gs/detail/10324
2026年1月14日（水）   10時,ファミリーマート小禄田原店 / (株)ファミリーマート,沖縄県,沖縄県那覇市田原2-1-1,メンテナンス,令和8年1月14日(水)10~13時の間、充電器が点検のためご利用頂けません。ご注意ください。,CHAdeMO（急速）,90kW,2,東光高岳,https://ev.gogo.gs/detail/1t7tv1eb
2026年1月14日（水）   13時,カインズ千葉ニュータウン店 / (株)カインズ,千葉県,ショッピングモール・小売店,メンテナンス,令和8年1月14日(水)13~16時の間、充電器が点検のためご利用頂けません。ご注意ください。,CHAdeMO（急速）,90kW,2,ABB,https://ev.gogo.gs/detail/24uge5bb
2026年1月14日（水）   13時,道の駅 黒之瀬戸だんだん市場 / 長島町,鹿児島県,鹿児島県出水郡長島町山門野4093,メンテナンス,令和8年1月14日(水)13~16時の間、充電器が点検のためご利用頂けません。ご注意ください。,CHAdeMO（急速）,50kW,1,東光高岳,https://ev.gogo.gs/detail/1v25n1xx
2026年1月15日（木）   0時,美浜本店 / (株)えびせんべいの里,愛知県,ショッピングモール・小売店,メンテナンス,令和8年1月15日(木)0時~1月20日(火)23時の間、施設の都合で充電器がご利用頂けません。ご注意ください。,CHAdeMO（急速）,30kW,1,東光高岳,https://ev.gogo.gs/detail/1tpwgbht
2026年1月15日（木）   9時,第二神明道路 明石SA (上り) / 西日本高速道路(株) NEXCO西日本,兵庫県,サービスエリア,メンテナンス,令和8年1月15日(木)9~17時の間、充電器が点検のためご利用頂けません。ご注意ください。,CHAdeMO（急速）,40kW,1,東光高岳,https://ev.gogo.gs/detail/1ti6iirn
2026年1月15日（木）   9時,ファミリーマート前橋総社町高井店 / (株)ファミリーマート,群馬県,群馬県前橋市総社町高井235-1,メンテナンス,令和8年1月15日(木)9時~1月28日(水)7時までの間、施設の都合で充電器がご利用頂けません。ご注意下さい。,CHAdeMO（急速）,50kW,1,東光高岳,https://ev.gogo.gs/detail/1tivz7oc
2026年1月15日（木）   9時,道の駅 みやもり / 遠野市,岩手県,岩手県遠野市宮守町下宮守30地割37-5,メンテナンス,令和8年1月15日(木)9~12時の間、充電器が点検のためご利用頂けません。ご注意下さい。,CHAdeMO（急速）,50kW,1,東光高岳,https://ev.gogo.gs/detail/1tlz8lhi
2026年1月15日（木）   9時,東北自動車道 菅生PA (上り) / 東日本高速道路(株) NEXCO東日本,宮城県,サービスエリア,メンテナンス,令和8年1月15日(木)9時半~12時半の間、充電器が点検のためご利用頂けません。ご注意下さい。,CHAdeMO（急速）,90kW,2,東光高岳,https://ev.gogo.gs/detail/1u1p238q
2026年1月15日（木）   9時,道の駅 遊YOUさろん東城 / 庄原市,広島県,広島県庄原市東城町川東877,メンテナンス,令和8年1月15日(木)9~12時の間、充電器が点検のためご利用頂けません。ご注意下さい。,CHAdeMO（急速）,50kW,1,東光高岳,https://ev.gogo.gs/detail/1v85hn2l
2026年1月15日（木）   9時,ミスターマックス末武店 / (株)ミスターマックス･ホールディングス,山口県,ショッピングモール・小売店,メンテナンス,令和8年1月15日(木)9~12時の間、充電器が点検のためご利用頂けません。ご注意下さい。,CHAdeMO（急速）,90kW,2,東光高岳,https://ev.gogo.gs/detail/27vtpgda
2026年1月15日（木）   10時,足利店 / 日産プリンス栃木販売(株),栃木県,日産ディーラー,メンテナンス,令和8年1月15日(木)10時半~13時の間、充電器が点検のためご利用頂けません。ご注意下さい。,CHAdeMO（急速）,90kW,1,新電元,https://ev.gogo.gs/detail/11663
2026年1月15日（木）   10時,秋田自動車道 八郎湖SA (下り) / 東日本高速道路(株) NEXCO東日本,秋田県,サービスエリア,メンテナンス,令和8年1月15日(木)10~13時の間、充電器が点検のためご利用頂けません。ご注意下さい。,CHAdeMO（急速）,50kW,1,東光高岳,https://ev.gogo.gs/detail/27wt3hkf
2026年1月15日（木）   10時,東北自動車道 安積PA (上り) / 東日本高速道路(株) NEXCO東日本,福島県,サービスエリア,メンテナンス,令和8年1月15日(木)10~13時の間、充電器1基(2口)が点検のためご利用頂けません。ご注意下さい。,CHAdeMO（急速）,150kW,2,ABB,https://ev.gogo.gs/detail/1w3klhwa
2026年1月15日（木）   10時,新東名高速道路 NEOPASA 浜松SA (下り) / 中日本高速道路(株) NEXCO中日本,静岡県,サービスエリア,メンテナンス,令和8年1月15日(木)10~13時の間、充電器1基(2口)が点検のためご利用頂けません。ご注意下さい。,CHAdeMO（急速）,150kW,2,ABB,https://ev.gogo.gs/detail/14811
2026年1月15日（木）   10時,阪和自動車道 紀ノ川SA (上り) / 西日本高速道路(株) NEXCO西日本,和歌山県,サービスエリア,メンテナンス,令和8年1月15日(木)10~13時の間、充電器1基(2口)が点検のためご利用頂けません。ご注意下さい。,CHAdeMO（急速）,150kW,2,ABB,https://ev.gogo.gs/detail/1tb6cods
2026年1月15日（木）   10時,セブンイレブン八女インター南店 / (株)セブン-イレブン・ジャパン,福岡県,福岡県筑後市長浜148-1,メンテナンス,令和8年1月15日(木)10~13時の間、充電器が点検のためご利用頂けません。ご注意下さい。,CHAdeMO（急速）,150kW,2,ABB,https://ev.gogo.gs/detail/27x8shn4
2026年1月15日（木）   10時,ファミリーマート宇佐四日市店 / (株)ファミリーマート,大分県,大分県宇佐市大字四日市字取合47-1,メンテナンス,令和8年1月15日(木)10~13時の間、充電器が点検のためご利用頂けません。ご注意下さい。,CHAdeMO（急速）,90kW,2,デルタ電子,https://ev.gogo.gs/detail/1t908nfw
2026年1月15日（木）   11時,EVstation / TSUCHIYA(株),岐阜県,岐阜県大垣市北切石町2-13-1,メンテナンス,令和8年1月15日(木)11~13時までの約2時間程度の間、充電器が点検のためご利用頂けません。尚、作業終了時間は前後する場合がございます。ご了承下さい。,CHAdeMO（急速）,90kW,2,新電元,https://ev.gogo.gs/detail/23oryvzz
2026年1月15日（木）   13時,ニセコ駅前温泉 綺羅乃湯 / (株)キラットニセコ,北海道,宿泊施設・温浴施設,メンテナンス,令和8年1月15日(木)13~16時の間、充電器が点検のためご利用頂けません。ご注意下さい。,CHAdeMO（急速）,50kW,1,東光高岳,https://ev.gogo.gs/detail/1tilrody
2026年1月15日（木）   13時,夢産直かみごう / 遠野市,岩手県,ショッピングモール・小売店,メンテナンス,令和8年1月15日(木)13時半~16時半の間、充電器が点検のためご利用頂けません。ご注意下さい。,CHAdeMO（急速）,50kW,1,東光高岳,https://ev.gogo.gs/detail/1tlz486b
2026年1月15日（木）   13時,東北自動車道 菅生PA (下り) / 東日本高速道路(株) NEXCO東日本,宮城県,サービスエリア,メンテナンス,令和8年1月15日(木)13時半~16時半の間、充電器が点検のためご利用頂けません。ご注意下さい。,CHAdeMO（急速）,90kW,2,東光高岳,https://ev.gogo.gs/detail/1u1p2ne2
2026年1月15日（木）   13時,秋田自動車道 八郎湖SA (上り) / 東日本高速道路(株) NEXCO東日本,秋田県,サービスエリア,メンテナンス,令和8年1月15日(木)13時半~16時半の間、充電器が点検のためご利用頂けません。ご注意下さい。,CHAdeMO（急速）,50kW,1,東光高岳,https://ev.gogo.gs/detail/27wt3hsq
2026年1月15日（木）   13時,新東名高速道路 NEOPASA 浜松SA (上り) / 中日本高速道路(株) NEXCO中日本,静岡県,サービスエリア,メンテナンス,令和8年1月15日(木)13時半~16時半の間、充電器1基(2口)が点検のためご利用頂けません。ご注意下さい。,CHAdeMO（急速）,150kW,2,ABB,https://ev.gogo.gs/detail/14810
2026年1月15日（木）   13時,阪和自動車道 紀ノ川SA (下り) / 西日本高速道路(株) NEXCO西日本,和歌山県,サービスエリア,メンテナンス,令和8年1月15日(木)13時半~16時半の間、充電器1基(2口)が点検のためご利用頂けません。ご注意下さい。,CHAdeMO（急速）,150kW,2,ABB,https://ev.gogo.gs/detail/1tb6dbmb
2026年1月15日（木）   13時,ファミリーマート八女龍ヶ原店 / (株)ファミリーマート,福岡県,福岡県八女市大字龍ケ原61-3,メンテナンス,令和8年1月15日(木)13~16時の間、充電器が点検のためご利用頂けません。ご注意下さい。,CHAdeMO（急速）,90kW,2,ABB,https://ev.gogo.gs/detail/1yjqo29x
2026年1月15日（木）   14時,セブンイレブン矢吹インター店 / (株)セブン-イレブン・ジャパン,福島県,福島県西白河郡泉崎村踏瀬北ノ内6-8,メンテナンス,令和8年1月15日(木)14~17時の間、充電器が点検のためご利用頂けません。ご注意下さい。,CHAdeMO（急速）,150kW,2,ABB,https://ev.gogo.gs/detail/27rt6uqf
2026年1月15日（木）   14時,首都圏中央連絡自動車道 厚木PA (外回り) / 中日本高速道路(株) NEXCO中日本,神奈川県,サービスエリア,メンテナンス,令和8年1月15日(木)14~17時の間、充電器1基(2口)が点検のためご利用頂けません。ご注意下さい。,CHAdeMO（急速）,150kW,2,ABB,https://ev.gogo.gs/detail/1u2p28qt
2026年1月15日（木）   14時,道の駅 たかの / 庄原市･(株)緑の村,広島県,広島県庄原市高野町下門田49,メンテナンス,令和8年1月15日(木)14~17時の間、充電器が点検のためご利用頂けません。ご注意下さい。,CHAdeMO（急速）,50kW,1,東光高岳,https://ev.gogo.gs/detail/1v85h0e7
2026年1月15日（木）   14時,ファミリーマート宇佐中央店 / (株)ファミリーマート,大分県,大分県宇佐市大字上田字岩金927-1,メンテナンス,令和8年1月15日(木)14~17時の間、充電器が点検のためご利用頂けません。ご注意下さい。,CHAdeMO（急速）,90kW,2,デルタ電子,https://ev.gogo.gs/detail/1xfaeqms
2026年1月16日（金）   0時,つくば都市交通センター(南1P) / (財)つくば都市交通センター,茨城県,茨城県つくば市吾妻1-5-1,メンテナンス,令和8年1月16日(金)0~6時の間、施設停電のため充電器がご利用頂けません。ご注意ください。,200V（普通）,6kW,19,ENECHANGE,https://ev.gogo.gs/detail/27lpz26b
2026年1月16日（金）   7時,新東名高速道路 清水PA (上り) / 中日本高速道路(株) NEXCO中日本,静岡県,サービスエリア,メンテナンス,令和8年1月16日(金)7時半~11時10分の間、充電器が点検のためご利用頂けません。ご注意ください。,CHAdeMO（急速）,150kW,2,ABB,https://ev.gogo.gs/detail/1uspw55g
2026年1月16日（金）   8時,新東名高速道路 清水PA (下り) / 中日本高速道路(株) NEXCO中日本,静岡県,サービスエリア,メンテナンス,令和8年1月16日(金)8時半~12時10分の間、充電器が点検のためご利用頂けません。ご注意ください。,CHAdeMO（急速）,150kW,2,ABB,https://ev.gogo.gs/detail/1uspwqby
2026年1月16日（金）   8時,伊勢自動車道 安濃SA (上り) / 中日本高速道路(株) NEXCO中日本,三重県,サービスエリア,メンテナンス,令和8年1月16日(木)8~12時の間、充電器が点検のためご利用頂けません。ご注意ください。,CHAdeMO（急速）,150kW,2,ABB,https://ev.gogo.gs/detail/1t7metaw
2026年1月16日（金）   8時,セブンイレブン松阪山室町北店 / (株)セブン-イレブン・ジャパン,三重県,三重県松阪市山室町字水こき2288-5,メンテナンス,令和8年1月16日(金)8時半~11時の間、充電器が点検のためご利用頂けません。ご注意ください。,CHAdeMO（急速）,90kW,2,東光高岳,https://ev.gogo.gs/detail/27vtrfl6
2026年1月16日（金）   9時,ヨークベニマル 黒磯店 / (株)ヨークベニマル,栃木県,ショッピングモール・小売店,メンテナンス,令和8年1月16日(金)9時半~10時半の間、充電器が点検のためご利用頂けません。ご注意ください。,CHAdeMO（急速）,90kW,2,ABB,https://ev.gogo.gs/detail/24ytd0vm
2026年1月16日（金）   9時,ヨークベニマル 針ヶ谷店 / (株)ヨークベニマル,栃木県,ショッピングモール・小売店,メンテナンス,令和8年1月16日(金)9~10時の間、充電器が点検のためご利用頂けません。ご注意ください。,CHAdeMO（急速）,90kW,2,ABB,https://ev.gogo.gs/detail/24ytdex5
2026年1月16日（金）   9時,セブンイレブン江南前飛保町店 / (株)セブン-イレブン・ジャパン,愛知県,愛知県江南市前飛保町緑ヶ丘1-1,メンテナンス,令和8年1月16日(木)9時半~12時の間、充電器が点検のためご利用頂けません。ご注意ください。,CHAdeMO（急速）,90kW,2,東光高岳,https://ev.gogo.gs/detail/1te6bsu5
2026年1月16日（金）   9時,伊勢自動車道 安濃SA (下り) / 中日本高速道路(株) NEXCO中日本,三重県,サービスエリア,メンテナンス,令和8年1月16日(木)9時半~13時半の間、充電器が点検のためご利用頂けません。ご注意ください。,CHAdeMO（急速）,150kW,2,ABB,https://ev.gogo.gs/detail/1tvga8h7
2026年1月16日（金）   9時,セブンイレブン玉城町世古店 / (株)セブン-イレブン・ジャパン,三重県,三重県度会郡玉城町世古1785,メンテナンス,令和8年1月16日(金)9時半~12時半の間、充電器が点検のためご利用頂けません。ご注意ください。,CHAdeMO（急速）,90kW,2,東光高岳,https://ev.gogo.gs/detail/27x8uani
2026年1月16日（金）   9時,中店 / 日産神奈川販売(株),神奈川県,日産ディーラー,メンテナンス,令和8年1月16日(金)9~14時の間、充電器が点検のためご利用頂けません。ご注意ください。,CHAdeMO（急速）,90kW,2,新電元,https://ev.gogo.gs/detail/12121
2026年1月16日（金）   9時,中国自動車道 加西SA (上り) / 西日本高速道路(株) NEXCO西日本,兵庫県,サービスエリア,メンテナンス,令和8年1月16日(金)9~17時の間、施設の都合で充電器がご利用頂けません。ご注意下さい。,CHAdeMO（急速）,90kW,2,新電元,https://ev.gogo.gs/detail/1t9ke26d
2026年1月16日（金）   9時,セブンイレブン犬山楽田山ノ鼻店 / (株)セブン-イレブン・ジャパン,愛知県,愛知県犬山市字山ノ鼻51-1,メンテナンス,令和8年1月16日(金)9~12時の間、充電器が点検のためご利用頂けません。ご注意下さい。,CHAdeMO（急速）,50kW,1,東光高岳,https://ev.gogo.gs/detail/1te6bd5n
2026年1月16日（金）   10時,セブンイレブン船橋潮見町店 / (株)セブン-イレブン・ジャパン,千葉県,千葉県船橋市潮見町19-2,メンテナンス,令和8年1月16日(金)10~13時の間、充電器が点検のためご利用頂けません。ご注意下さい。,CHAdeMO（急速）,90kW,2,ABB,https://ev.gogo.gs/detail/26l854yf
2026年1月16日（金）   10時,東名高速道路 中井PA (下り) / 中日本高速道路(株) NEXCO中日本,神奈川県,サービスエリア,メンテナンス,令和8年1月16日(金)10時半~13時半の間、充電器1基(2口)が点検のためご利用頂けません。ご注意下さい。,CHAdeMO（急速）,150kW,2,ABB,https://ev.gogo.gs/detail/1urp04pz
2026年1月16日（金）   10時,DCM羽ノ浦店 / DCM(株),徳島県,ショッピングモール・小売店,メンテナンス,令和8年1月16日(金)10~13時の間、充電器が点検のためご利用頂けません。ご注意下さい。,CHAdeMO（急速）,90kW,2,東光高岳,https://ev.gogo.gs/detail/27v8j46k
2026年1月16日（金）   10時,セブンイレブン福岡拾六町5丁目店 / (株)セブン-イレブン・ジャパン,福岡県,福岡県福岡市西区拾六町5-3-13,メンテナンス,令和8年1月16日(金)10~13時の間、充電器が点検のためご利用頂けません。ご注意下さい。,CHAdeMO（急速）,90kW,2,ABB,https://ev.gogo.gs/detail/26fsu4wz
2026年1月16日（金）   10時,セブンイレブン小郡祇園店 / (株)セブン-イレブン・ジャパン,福岡県,福岡県小郡市小郡1305-2,メンテナンス,令和8年1月16日(金)10~13時の間、充電器が点検のためご利用頂けません。ご注意下さい。,CHAdeMO（急速）,90kW,2,ABB,https://ev.gogo.gs/detail/27wiy5ih
2026年1月16日（金）   10時,ファミリーマート佐賀関本神崎店 / (株)ファミリーマート,大分県,大分県大分市大字本神崎631-1,メンテナンス,令和8年1月16日(金)10~13時の間、充電器が点検のためご利用頂けません。ご注意下さい。,CHAdeMO（急速）,90kW,2,デルタ電子,https://ev.gogo.gs/detail/1t90aa4q
2026年1月16日（金）   10時,ファミリーマート大分三川新町店 / (株)ファミリーマート,大分県,大分県大分市三川新町2-3-2,メンテナンス,令和8年1月16日(金)10~13時の間、充電器が点検のためご利用頂けません。ご注意下さい。,CHAdeMO（急速）,50kW,1,東光高岳,https://ev.gogo.gs/detail/1te59y6h
2026年1月16日（金）   13時,阪和自動車道 岸和田SA (上り) / 西日本高速道路(株) NEXCO西日本,大阪府,サービスエリア,メンテナンス,令和8年1月16日(金)13~14時の間、充電器が点検のためご利用頂けません。ご注意下さい。,CHAdeMO（急速）,90kW,2,ABB,https://ev.gogo.gs/detail/23bngpe8
2026年1月16日（金）   13時,野川店 / 日産神奈川販売(株),神奈川県,日産ディーラー,メンテナンス,令和8年1月16日(金)13~18時の間、充電器が点検のためご利用頂けません。ご注意ください。,CHAdeMO（急速）,90kW,1,新電元,https://ev.gogo.gs/detail/12151
2026年1月16日（金）   14時,阪和自動車道 岸和田SA (下り) / 西日本高速道路(株) NEXCO西日本,大阪府,サービスエリア,メンテナンス,令和8年1月16日(金)14時半~15時半の間、充電器が点検のためご利用頂けません。ご注意下さい。,CHAdeMO（急速）,90kW,2,ABB,https://ev.gogo.gs/detail/23bnh2g3
2026年1月16日（金）   14時,首都圏中央連絡自動車道 厚木PA (外回り) / 中日本高速道路(株) NEXCO中日本,神奈川県,サービスエリア,メンテナンス,令和8年1月16日(金)14時半~17時半の間、充電器1基(2口)が点検のためご利用頂けません。ご注意下さい。,CHAdeMO（急速）,150kW,2,ABB,https://ev.gogo.gs/detail/1u2p28qt
2026年1月16日（金）   14時,セブンイレブン筑紫野警察前署店 / (株)セブン-イレブン・ジャパン,福岡県,福岡県筑紫野市二日市南4-1143-1,メンテナンス,令和8年1月16日(金)14~17時の間、充電器が点検のためご利用頂けません。ご注意下さい。,CHAdeMO（急速）,90kW,2,ABB,https://ev.gogo.gs/detail/26fssooe
2026年1月16日（金）   14時,ファミリーマート臼杵インター店 / (株)ファミリーマート,大分県,大分県臼杵市大字望月字清太郎63-1,メンテナンス,令和8年1月16日(金)14~17時の間、充電器が点検のためご利用頂けません。ご注意下さい。,CHAdeMO（急速）,90kW,2,デルタ電子,https://ev.gogo.gs/detail/1t909oo1
2026年1月17日（土）   7時,ENEOS Dr.Drive 井草店 / (株)井口鉱油,東京都,ガソリンスタンド,メンテナンス,令和8年1月17日(土)~18日(日)の7~21時の間、お祭りのため充電器がご利用頂けません。夜間21~7時の間のみ利用可能となります。ご注意下さい。,CHAdeMO（急速）,50kW,1,ニチコン,https://ev.gogo.gs/detail/263isr8a
2026年1月17日（土）   8時,茨城県庁 西駐車場 / 茨城県,茨城県,茨城県水戸市笠原町978-6,メンテナンス,令和8年1月17日(土)8時半~18日(日)19時の間、充電器が点検のためご利用頂けません。ご注意ください。,CHAdeMO（急速）,50kW,1,JFEテクノス,https://ev.gogo.gs/detail/22eh5h0j
2026年1月17日（土）   8時,中央区役所 / さいたま市,埼玉県,埼玉県さいたま市中央区下落合5-7-10,メンテナンス,令和8年1月17日(土)8時半~16時の間、施設の都合で充電器がご利用頂けません。ご注意下さい。,CHAdeMO（急速）,50kW,1,東光高岳,https://ev.gogo.gs/detail/13625
2026年1月18日（日）   8時,品川イーストワンタワー (地下P 1階),東京都,ショッピングモール・小売店,メンテナンス,令和8年1月18日(日)8~18時の間、停電のため充電器がご利用頂けません。ご注意ください。,200V（普通）,6kW,2,ENECHANGE,https://ev.gogo.gs/detail/24uod08j
2026年1月18日（日）   8時,クリーンセンター大崎 / さいたま市,埼玉県,埼玉県さいたま市緑区大崎317,メンテナンス,令和8年1月18日(日)8~19時の間、施設の都合で充電器がご利用頂けません。ご注意ください。,CHAdeMO（急速）,50kW,1,東光高岳,https://ev.gogo.gs/detail/1s6p44av
2026年1月19日（月）   0時,みなとみらい公共駐車場 (パシフィコ横浜 地下1階) / (株)横浜国際平和会議場,神奈川県,神奈川県横浜市西区みなとみらい1-1-1,メンテナンス,令和8年1月19日(月)~28日(水)までの間、施設の都合で充電器全基がご利用頂けません。ご注意下さい。,200V（普通）,3kW,12,ZEROVA,https://ev.gogo.gs/detail/1utb894e
2026年1月19日（月）   0時,さいたまスーパーアリーナ (地下P) / 埼玉県,埼玉県,レジャー・スポーツ施設,メンテナンス,令和8年1月19日(月)の終日、施設の都合で充電器がご利用頂けません。また、今後施設改修に伴い長期に渡りご利用頂けない予定がございます。,200V（普通）,6kW,2,日東工業,https://ev.gogo.gs/detail/2693qmpt
2026年1月19日（月）   6時,道の駅 みかも / (株)パワーエックス,栃木県,栃木県栃木市藤岡町大田和678,メンテナンス,令和8年1月19日(月)6時半~13時の間、充電器が点検のためご利用頂けません。ご注意ください。,CHAdeMO（急速）,150kW,2,PowerX,https://ev.gogo.gs/detail/2943p5kv
2026年1月19日（月）   9時,宝ヶ池ゴルフクラブ,京都,レジャー・スポーツ施設,メンテナンス,令和8年1月19日(月)は終日、店休日のため充電器がご利用頂けません。ご注意ください。,200V（普通）,6kW,2,ENECHANGE,https://ev.gogo.gs/detail/268ujw50
2026年1月19日（月）   10時,東北自動車道 那須高原SA (下り) / 東日本高速道路(株) NEXCO東日本,栃木県,サービスエリア,メンテナンス,令和8年1月19日(月)10~16時の間、施設の都合で充電器1基(2口)がご利用頂けません。ご注意ください。,CHAdeMO（急速）,150kW,2,ABB,https://ev.gogo.gs/detail/1tsu4uc8
2026年1月19日（月）   10時,ローソン富山森店 / (株)ローソン,富山県,富山県富山市森3-27-1,メンテナンス,令和8年1月19日(月)10~13時の間、充電器が点検のためご利用頂けません。ご注意下さい。,CHAdeMO（急速）,90kW,2,東光高岳,https://ev.gogo.gs/detail/1tighx4c
2026年1月19日（月）   10時,セブンイレブン下関彦島向井町店 / (株)セブン-イレブン・ジャパン,山口県,山口県下関市彦島田の首町1-2-9,メンテナンス,令和8年1月19日(月)10~13時の間、充電器が点検のためご利用頂けません。ご注意下さい。,CHAdeMO（急速）,90kW,2,東光高岳,https://ev.gogo.gs/detail/27vtq7ad
2026年1月19日（月）   10時,ファミリーマート糸島神在店 / (株)ファミリーマート,福岡県,福岡県糸島市神在西2-1-1,メンテナンス,令和8年1月19日(月)10~13時の間、充電器が点検のためご利用頂けません。ご注意下さい。,CHAdeMO（急速）,90kW,2,東光高岳,https://ev.gogo.gs/detail/1tjg2jzy
2026年1月19日（月）   12時,ドーミーイン稚内 / (株)共立メンテナンス,北海道,宿泊施設・温浴施設,メンテナンス,令和8年1月19日(月)12~13時の間、停電のため充電器がご利用頂けません。ご注意ください。,200V（普通）,6kW,2,ENECHANGE,https://ev.gogo.gs/detail/277nxswh
2026年1月19日（月）   13時,山陽自動車道 淡河PA (上り) / 西日本高速道路(株) NEXCO西日本,兵庫県,サービスエリア,メンテナンス,令和8年1月19日(月)13~17時の間、充電器が点検のためご利用頂けません。ご注意ください。,CHAdeMO（急速）,50kW,1,東光高岳,https://ev.gogo.gs/detail/1unrisoy
2026年1月19日（月）   13時,山陽自動車道 淡河PA (下り) / 西日本高速道路(株) NEXCO西日本,兵庫県,サービスエリア,メンテナンス,令和8年1月19日(月)13~17時の間、充電器が点検のためご利用頂けません。ご注意ください。,CHAdeMO（急速）,50kW,1,東光高岳,https://ev.gogo.gs/detail/1unrj41i
2026年1月19日（月）   13時,ローソン富山婦中新町店 / (株)ローソン,富山県,富山県富山市婦中町新町字天野215-2,メンテナンス,令和8年1月19日(月)13~16時の間、充電器が点検のためご利用頂けません。ご注意下さい。,CHAdeMO（急速）,90kW,2,東光高岳,https://ev.gogo.gs/detail/1tjqp4aw
2026年1月19日（月）   13時,ファミリーマート阿蘇長陽店 / (株)ファミリーマート,熊本県,熊本県阿蘇郡南阿蘇村河陽3981-1,メンテナンス,令和8年1月19日(月)13~16時の間、充電器が点検のためご利用頂けません。ご注意下さい。,CHAdeMO（急速）,50kW,1,東光高岳,https://ev.gogo.gs/detail/1ta8wzgr
2026年1月19日（月）   13時,ファミリーマート住吉浜店 / (株)ファミリーマート,大分県,大分県杵築市大字守江字塩屋原4778-6,メンテナンス,令和8年1月19日(月)13時半~16時半の間、充電器が点検のためご利用頂けません。ご注意下さい。,CHAdeMO（急速）,90kW,2,デルタ電子,https://ev.gogo.gs/detail/1t90bb8c
2026年1月20日（火）   0時,四日市新正店 / 日産プリンス三重販売(株),三重県,日産ディーラー,メンテナンス,令和8年1月20日(火)の終日、施設の都合で充電器がご利用頂けません。ご注意ください。,CHAdeMO（急速）,50kW,2,東光高岳,https://ev.gogo.gs/detail/12263
2026年1月20日（火）   6時,名神高速道路 尾張一宮PA (下り) / 中日本高速道路(株) NEXCO中日本,愛知県,サービスエリア,メンテナンス,令和8年1月20日(火)6時半~10時半の間、充電器が点検のためご利用頂けません。ご注意ください。,CHAdeMO（急速）,150kW,2,ニチコン,https://ev.gogo.gs/detail/11111
2026年1月20日（火）   7時,吹上店 / 日産プリンス名古屋販売(株),愛知県,日産ディーラー,メンテナンス,令和8年1月20日(火)7時~翌21日(水)20時の間、施設の都合でCHAdeMO充電器がご利用頂けません。ご注意下さい。,CHAdeMO（急速）,50kW,2,東光高岳,https://ev.gogo.gs/detail/12400
2026年1月20日（火）   9時,コーナン江戸川中央店 / コーナン商事(株),東京都,ショッピングモール・小売店,メンテナンス,令和8年1月20日(火)9~10時の間、充電器が点検のためご利用頂けません。ご注意ください。,CHAdeMO（急速）,90kW,2,ABB,https://ev.gogo.gs/detail/24xvbnsg
2026年1月20日（火）   9時,セブンイレブンさいたま西遊馬店 / (株)セブン-イレブン・ジャパン,埼玉県,埼玉県さいたま市西区大字西遊馬1317-1,メンテナンス,令和8年1月20日(火)9時半~10時半の間、充電器が点検のためご利用頂けません。ご注意ください。,CHAdeMO（急速）,90kW,2,ABB,https://ev.gogo.gs/detail/24xurzby
2026年1月20日（火）   9時,高知自動車道 南国SA (上り) / 西日本高速道路(株) NEXCO西日本,高知県,サービスエリア,メンテナンス,令和8年1月20日(火)9時半~12時半の間、充電器が点検のためご利用頂けません。ご注意下さい。,CHAdeMO（急速）,40kW,1,東光高岳,https://ev.gogo.gs/detail/1pz4mwia
2026年1月20日（火）   13時,高知自動車道 南国SA (下り) / 西日本高速道路(株) NEXCO西日本,高知県,サービスエリア,メンテナンス,令和8年1月20日(火)13時半~16時半の間、充電器が点検のためご利用頂けません。ご注意下さい。,CHAdeMO（急速）,30kW,1,東光高岳,https://ev.gogo.gs/detail/1q6l5vr7
2026年1月21日（水）   9時,おおたきショッピングプラザ オリブ,千葉県,ショッピングモール・小売店,メンテナンス,令和8年1月21日(水)9~12時の間、停電のため充電器がご利用頂けません。ご注意ください。,200V（普通）,6kW,4,ENECHANGE,https://ev.gogo.gs/detail/28tp32ht
2026年1月21日（水）   10時,名神高速道路 多賀SA (下り) / 中日本高速道路(株) NEXCO中日本,滋賀県,サービスエリア,メンテナンス,令和8年1月21日(水)10~12時の間、充電器が点検のためご利用頂けません。ご注意下さい。,CHAdeMO（急速）,50kW,1,東光高岳,https://ev.gogo.gs/detail/13349
2026年1月22日（木）   0時,JRおおいたシティ･アミュプラザおおいた (第1P 7階) / JR九州レンタカー&パーキング(株),大分県,コインパーキング,メンテナンス,令和8年1月22日(木)0時半~5時半の間、停電のため充電器がご利用頂けません。ご注意ください。,200V（普通）,6kW,2,ENECHANGE,https://ev.gogo.gs/detail/26cv1gva
2026年1月22日（木）   7時,東名高速道路 浜名湖SA (上り) / 中日本高速道路(株) NEXCO中日本,静岡県,サービスエリア,メンテナンス,令和8年1月22日(木)7~18時の間、充電器が点検のためご利用頂けません。ご注意下さい。,CHAdeMO（急速）,50kW,1,東光高岳,https://ev.gogo.gs/detail/13345
2026年1月22日（木）   7時,東名高速道路 浜名湖SA (下り) / 中日本高速道路(株) NEXCO中日本,静岡県,サービスエリア,メンテナンス,令和8年1月22日(木)7~18時の間、充電器が点検のためご利用頂けません。ご注意下さい。,CHAdeMO（急速）,50kW,1,東光高岳,https://ev.gogo.gs/detail/13346
2026年1月22日（木）   9時,十和田店 / 日産青森販売(株),青森県,日産ディーラー,メンテナンス,令和8年1月22日(木)9~13時半の間、充電器が点検のためご利用頂けません。ご注意下さい。,CHAdeMO（急速）,50kW,1,東光高岳,https://ev.gogo.gs/detail/13675
2026年1月22日（木）   9時,十和田北店 / 日産青森販売(株),青森県,日産ディーラー,メンテナンス,令和8年1月22日(木)9~13時半の間、充電器が点検のためご利用頂けません。ご注意ください。,CHAdeMO（急速）,50kW,1,東光高岳,https://ev.gogo.gs/detail/15051
2026年1月22日（木）   10時,セブンイレブン信州鞍掛店 / (株)セブン-イレブン・ジャパン,長野県,長野県東御市鞍掛385-1,メンテナンス,令和8年1月22日(木)10~12時半の間、充電器が点検のためご利用頂けません。ご注意ください。,CHAdeMO（急速）,90kW,2,東光高岳,https://ev.gogo.gs/detail/27snzxjo
2026年1月22日（木）   10時,ときがわ町役場 第二庁舎 / ときがわ町,埼玉県,埼玉県比企郡ときがわ町大字桃木32,メンテナンス,令和8年1月22日(木)10~14時の間、充電器が点検のためご利用頂けません。ご注意ください。,CHAdeMO（急速）,60kW,2,新電元,https://ev.gogo.gs/detail/268sd9nx
2026年1月22日（木）   14時,コスモ石油 セルフステーション知立SS / (株)三河シー･エス･エヌ,愛知県,ガソリンスタンド,メンテナンス,令和8年1月22日(木)14時~16時半の間、充電器が点検のためご利用頂けません。ご注意ください。,CHAdeMO（急速）,90kW,2,ABB,https://ev.gogo.gs/detail/23i7ftdc
2026年1月23日（金）   12時,セブンイレブン掛川インター店 / (株)セブン-イレブン・ジャパン,静岡県,静岡県掛川市矢崎町7-1,メンテナンス,令和8年1月23日(金)12時半~15時の間、充電器が点検のためご利用頂けません。ご注意ください。,CHAdeMO（急速）,90kW,2,東光高岳,https://ev.gogo.gs/detail/27vtrr2n
2026年1月23日（金）   13時,鶴見店 / 日産神奈川販売(株),神奈川県,日産ディーラー,メンテナンス,令和8年1月23日(金)13~18時の間、充電器が点検のためご利用頂けません。ご注意ください。,CHAdeMO（急速）,90kW,1,新電元,https://ev.gogo.gs/detail/12118
2026年1月23日（金）   17時,軽井沢店 / (株)カネト,長野県,長野県北佐久郡御代田町馬瀬口1747-1,メンテナンス,令和8年1月23日(金)17時~1月26日(月)8時の間、充電器が施設の都合によりご利用頂けません。ご注意ください。,CHAdeMO（急速）,30kW,1,新電元,https://ev.gogo.gs/detail/1uv6xplq
2026年1月26日（月）   9時,関越自動車道 上里SA (上り) / 東日本高速道路(株) NEXCO東日本,埼玉県,サービスエリア,メンテナンス,令和8年1月26日(月)9時半~10時半の間、充電器が点検のためご利用頂けません。ご注意下さい。,CHAdeMO（急速）,90kW,6,ニチコン,https://ev.gogo.gs/detail/1r5qsnkd
2026年1月26日（月）   9時,新東名高速道路 NEOPASA 駿河湾沼津SA (上り) / 中日本高速道路(株) NEXCO中日本,静岡県,サービスエリア,メンテナンス,令和8年1月26日(月)9~11時の間、充電器が点検のためご利用頂けません。ご注意ください。,CHAdeMO（急速）,150kW,2,ABB,https://ev.gogo.gs/detail/14806
2026年1月26日（月）   10時,関越自動車道 上里SA (下り) / 東日本高速道路(株) NEXCO東日本,埼玉県,サービスエリア,メンテナンス,令和8年1月26日(月)10時半~11時半の間、充電器が点検のためご利用頂けません。ご注意下さい。,CHAdeMO（急速）,90kW,6,ニチコン,https://ev.gogo.gs/detail/1qyq9i0d
2026年1月26日（月）   13時,新東名高速道路 NEOPASA 駿河湾沼津SA (下り) / 中日本高速道路(株) NEXCO中日本,静岡県,サービスエリア,メンテナンス,令和8年1月26日(月)13~15時の間、充電器が点検のためご利用頂けません。ご注意ください。,CHAdeMO（急速）,150kW,2,ABB,https://ev.gogo.gs/detail/14807
2026年1月26日（月）   13時,北陸自動車道 尼御前SA (下り) / 中日本高速道路(株) NEXCO中日本,石川県,サービスエリア,メンテナンス,令和8年1月26日(月)13~16時の間、充電器1基(2口)が点検のためご利用頂けません。ご注意ください。,CHAdeMO（急速）,150kW,2,ABB,https://ev.gogo.gs/detail/1tkr1244
2026年1月26日（月）   15時,北陸自動車道 尼御前SA (上り) / 中日本高速道路(株) NEXCO中日本,石川県,サービスエリア,メンテナンス,令和8年1月26日(月)15~18時の間、充電器1基(2口)が点検のためご利用頂けません。ご注意ください。,CHAdeMO（急速）,150kW,2,ABB,https://ev.gogo.gs/detail/1tkqzyew
2026年1月27日（火）   13時,新名神高速道路 鈴鹿PA ｢PIT SUZUKA｣ (上り) / 中日本高速道路(株) NEXCO中日本,三重県,サービスエリア,メンテナンス,令和8年1月27日(火)13~16時の間、充電器が点検のためご利用頂けません。ご注意ください。,CHAdeMO（急速）,50kW,1,東光高岳,https://ev.gogo.gs/detail/1z6vzce9
2026年1月28日（水）   7時,吹上店 / 日産プリンス名古屋販売(株),愛知県,日産ディーラー,メンテナンス,令和8年1月28日(水)7~20時の間、施設の都合でCHAdeMO充電器がご利用頂けません。ご注意下さい。,CHAdeMO（急速）,50kW,2,東光高岳,https://ev.gogo.gs/detail/12400
2026年1月28日（水）   8時,小田井店 / 愛知日産自動車(株),愛知県,日産ディーラー,メンテナンス,令和8年1月28日(水)8~18時の間、施設の都合で充電器がご利用頂けません。ご注意下さい。,CHAdeMO（急速）,50kW,2,東光高岳,https://ev.gogo.gs/detail/12337
2026年1月29日（木）   14時,ファミリーマート千葉大宮インター店 / (株)ファミリーマート,千葉県,千葉県千葉市若葉区大宮町2119-1,メンテナンス,令和8年1月29日(木)14時半~15時の間、充電器が点検のためご利用頂けません。ご注意ください。,CHAdeMO（急速）,90kW,2,デルタ電子,https://ev.gogo.gs/detail/1rwaz0k5
2026年1月30日（金）   13時,横須賀佐原店 / 日産神奈川販売(株),神奈川県,日産ディーラー,メンテナンス,令和8年1月30日(金)13~18時の間、充電器が点検のためご利用頂けません。ご注意ください。,CHAdeMO（急速）,90kW,2,新電元,https://ev.gogo.gs/detail/12159
2026年1月31日（土）   17時,行橋市役所 駐車場 / 行橋市,福岡県,福岡県行橋市中央1-1-1,メンテナンス,※施設の都合で令和8年1月末で充電器がご利用頂けなくなります。以降は同施設内設置予定の有料設備をご利用頂きますようお願いします。,CHAdeMO（急速）,50kW,1,ニチコン,https://ev.gogo.gs/detail/14700
2026年2月2日（月）   8時,琵琶湖グランドホテル,滋賀県,宿泊施設・温浴施設,メンテナンス,令和8年2月2日(月)8~17時･3日(火)13~15時の間、施設停電のため充電器がご利用頂けません。ご注意ください。,200V（普通）,6kW,4,ENECHANGE,https://ev.gogo.gs/detail/27gpi2li
2026年2月3日（火）   9時,ファミリーマートミナミ河内長野高向店 / (株)ファミリーマート,大阪府,大阪府河内長野市高向736-1,メンテナンス,令和8年2月3日(火)9時~2月25日(水)7時までの間、施設の都合で充電器がご利用頂けません。ご注意下さい。,CHAdeMO（急速）,90kW,2,新電元,https://ev.gogo.gs/detail/1t3ujof6
2026年2月4日（水）   9時,新座市役所 / 新座市,埼玉県,埼玉県新座市野火止1-1-1,メンテナンス,令和8年2月4日(水)9~11時の間、充電器が点検のためご利用頂けません。ご注意下さい。,CHAdeMO（急速）,50kW,2,東光高岳,https://ev.gogo.gs/detail/26n8e1l9
2026年2月4日（水）   10時,イオンモールむさし村山 (西側平面P) / イオンモール(株),東京都,ショッピングモール・小売店,メンテナンス,令和8年2月4日(水)の終日、施設の都合で充電器がご利用頂けません。ご注意ください。,CHAdeMO（急速）,50kW,1,ダイヘン,https://ev.gogo.gs/detail/1zd7sy8f
2026年2月4日（水）   10時,イオンモールむさし村山 (4階 E1区画) / イオンモール(株),東京都,ショッピングモール・小売店,メンテナンス,令和8年2月4日(水)の終日、施設の都合で充電器がご利用頂けません。ご注意ください。,200V（普通）,6kW,10,ZEROVA,https://ev.gogo.gs/detail/1xgpwtc7
2026年2月6日（金）   9時,東名高速道路 足柄SA (上り) / 中日本高速道路(株) NEXCO中日本,静岡県,サービスエリア,メンテナンス,令和8年2月6日(金)9~11時半の間、充電器が点検のためご利用頂けません。ご注意下さい。,CHAdeMO（急速）,90kW,4,ニチコン,https://ev.gogo.gs/detail/13340
2026年2月6日（金）   12時,東名高速道路 足柄SA (下り) / 中日本高速道路(株) NEXCO中日本,静岡県,サービスエリア,メンテナンス,令和8年2月6日(金)12時半~15時の間、充電器が点検のためご利用頂けません。ご注意下さい。,CHAdeMO（急速）,90kW,4,ニチコン,https://ev.gogo.gs/detail/13339
2026年2月7日（土）   8時,川崎市役所本庁舎 (エントランス) / 川崎市,神奈川県,神奈川県川崎市川崎区宮本町1,メンテナンス,令和8年2月7日(土)8~18時の間、施設の都合で充電器がご利用頂けません。ご注意ください。,CHAdeMO（急速）,50kW,1,東光高岳,https://ev.gogo.gs/detail/26c81z1q
2026年2月9日（月）   20時,AOKI 千音寺アズタウン店 / (株)AOKI,愛知県,ショッピングモール・小売店,メンテナンス,令和8年2月9日(月)20時半~翌10日(火)5時の間、施設の都合で充電器がご利用頂けません。ご注意下さい。,200V（普通）,6kW,1,ENECHANGE,https://ev.gogo.gs/detail/25vto7hi
2026年2月10日（火）   7時,吹上店 / 日産プリンス名古屋販売(株),愛知県,日産ディーラー,メンテナンス,令和8年2月10日(火)7時~翌11日(水)20時の間、施設の都合でCHAdeMO充電器がご利用頂けません。ご注意下さい。,CHAdeMO（急速）,50kW,2,東光高岳,https://ev.gogo.gs/detail/12400
2026年2月15日（日）   0時,"恵比寿ガーデンプレイス (地下P 4階,5階) / サッポロ不動産開発(株)",東京都,ショッピングモール・小売店,メンテナンス,令和8年2月15日(日)0~21時の間、受変電設備の法定点検に伴う全館停電に伴い、充電器のご利用が不可となります。ご注意下さい。,CHAdeMO（急速）,50kW,1,ニチコン,https://ev.gogo.gs/detail/1q4nugkf
2026年2月15日（日）   6時,青梅店 / 東日本三菱自動車販売(株),東京都,三菱ディーラー,メンテナンス,令和8年2月15日(日)6~16時の間、施設の都合で充電器がご利用頂けません。ご注意下さい。,CHAdeMO（急速）,50kW,1,東光高岳,https://ev.gogo.gs/detail/10232
2026年2月15日（日）   8時,丸の内オアゾ (地下P),東京都,宿泊施設・温浴施設,メンテナンス,令和8年2月15日(日)8~22時の間、停電のため充電器がご利用頂けません。ご注意ください。,200V（普通）,6kW,2,ENECHANGE,https://ev.gogo.gs/detail/27iq8ojc
2026年2月17日（火）   8時,知多新舞子店 / 日産プリンス名古屋販売(株),愛知県,日産ディーラー,メンテナンス,令和8年2月17日(火)8~18時の間、施設の都合でCHAdeMO充電器がご利用頂けません。ご注意下さい。,CHAdeMO（急速）,50kW,1,ニチコン,https://ev.gogo.gs/detail/12435
2026年2月18日（水）   0時,MARK IS みなとみらい (地下P 1階) / (株)パワーエックス,神奈川県,ショッピングモール・小売店,メンテナンス,令和8年2月18日(水)は終日、施設停電のため充電器がご利用頂けません。ご注意ください。,CHAdeMO（急速）,150kW,2,PowerX,https://ev.gogo.gs/detail/28ydy48r
2026年2月21日（土）   8時,川崎市役所本庁舎 (エントランス) / 川崎市,神奈川県,神奈川県川崎市川崎区宮本町1,メンテナンス,令和8年2月21日(土)8~18時の間、施設の都合で充電器がご利用頂けません。ご注意ください。,CHAdeMO（急速）,50kW,1,東光高岳,https://ev.gogo.gs/detail/26c81z1q
2026年2月21日（土）   17時,軽井沢店 / (株)カネト,長野県,長野県北佐久郡御代田町馬瀬口1747-1,メンテナンス,令和8年2月21日(土)17時~2月24日(火)8時の間、充電器が施設の都合によりご利用頂けません。ご注意ください。,CHAdeMO（急速）,30kW,1,新電元,https://ev.gogo.gs/detail/1uv6xplq
2026年3月12日（木）   0時,みなとみらい公共駐車場 (パシフィコ横浜 地下1階) / (株)横浜国際平和会議場,神奈川県,神奈川県横浜市西区みなとみらい1-1-1,メンテナンス,令和8年3月12日(木)~16日(月)までの間、施設の都合で一部充電器(Aブロック側半数)がご利用頂けません。ご注意下さい。,200V（普通）,3kW,12,ZEROVA,https://ev.gogo.gs/detail/1utb894e
2026年3月13日（金）   17時,軽井沢店 / (株)カネト,長野県,長野県北佐久郡御代田町馬瀬口1747-1,メンテナンス,"令和8年3月13日(金)17時~3月16日(月)8時,3月19日(木)17時~3月23日(月)8時の間、充電器が施設の都合によりご利用頂けません。ご注意ください。",CHAdeMO（急速）,30kW,1,新電元,https://ev.gogo.gs/detail/1uv6xplq
2026年3月21日（土）   9時,汐留シティセンター (地下P 4階) / 三井不動産(株),東京都,東京都港区東新橋1-5-2,メンテナンス,令和8年3月21日(土)9~19時の間、施設の都合で充電器がご利用頂けません。ご注意下さい。,CHAdeMO（急速）,50kW,1,デルタ電子,https://ev.gogo.gs/detail/24x7xts1
2026年3月25日（水）   23時,茅ヶ崎第2駐車場 (市役所駐車場) / 茅ヶ崎市,神奈川県,神奈川県茅ヶ崎市茅ヶ崎1-1-1,メンテナンス,※令和8年3月25日(水)をもちまして、設備都合で充電器がご利用頂けなくなりす。また、廃止時期にかかわらず、故障･トラブル等が生じた場合その時点で廃止いたします。ご注意下さい。,CHAdeMO（急速）,44kW,1,HASETEC,https://ev.gogo.gs/detail/24ex3lj3
